x,y,hat,ell_pair,L,U,status,neval,time_s,dist
502.128179869424,-34.1264764912419,1275.63132932588,380.444596497837,NaN,NaN,not_evaluated,0,0,503.286524175531
502.128179869424,34.1264764912421,1275.63132932587,380.444596497837,NaN,NaN,not_evaluated,0,0,503.286524175531
503.638105557073,13.9801568230977,3105.55722030066,450.304483479131,NaN,NaN,pair_pruned,0,0,503.832101154656
505.860300294784,-40.7664282730699,1062.59003655792,255.551839170976,NaN,NaN,not_evaluated,0,0,507.500290727475
513.512958746316,111.577399923449,386.52346039966,127.263897746367,NaN,NaN,not_evaluated,0,0,525.495076070246
520.714346386076,118.234095552219,361.415162997391,127.263897746367,NaN,NaN,not_evaluated,0,0,533.968849169434
526.220756799297,40.786296216147,1031.86809384619,250.912095634464,NaN,NaN,not_evaluated,0,0,527.799021262314
528.489785664805,-170.63238245621,249.951413519119,127.263897746367,NaN,NaN,not_evaluated,0,0,555.352917967227
528.489785664805,-102.379429473726,411.950400860162,127.263897746367,NaN,NaN,not_evaluated,0,0,538.314964617738
528.489785664805,-34.1264764912419,1228.86697521162,375.456601755461,NaN,NaN,not_evaluated,0,0,529.590473809469
528.489785664805,34.1264764912421,1228.86697521162,375.456601755461,NaN,NaN,not_evaluated,0,0,529.590473809469
528.489785664805,102.379429473726,411.950400860161,127.263897746367,NaN,NaN,not_evaluated,0,0,538.314964617738
528.489785664805,170.63238245621,249.951413519118,127.263897746367,NaN,NaN,not_evaluated,0,0,555.352917967227
529.187900400455,64.4274725831161,651.452923658338,250.912095634464,NaN,NaN,not_evaluated,0,0,533.095425935816
535.75625936746,185.259866797909,228.592345912633,127.263897746367,NaN,NaN,not_evaluated,0,0,566.882693065675
536.06922913174,-235.477605569455,182.038482259018,127.263897746367,NaN,NaN,not_evaluated,0,0,585.508258820166
542.591225976613,261.421873453625,163.745224842176,127.263897746367,NaN,NaN,not_evaluated,0,0,602.284512856514
546.175451640965,-7.25810171622413,5628.34606987502,450.194900273027,NaN,NaN,not_evaluated,0,0,546.223675810318
547.421807687438,-172.076091195855,241.390052449345,127.263897746367,NaN,NaN,not_evaluated,0,0,573.829954510068
547.809645642779,238.056328421457,177.287407121642,127.263897746367,NaN,NaN,not_evaluated,0,0,597.299107115331
551.358169478073,212.684099706649,196.088172574429,127.263897746367,NaN,NaN,not_evaluated,0,0,590.957153538426
554.851391460185,-238.885335438694,174.985789184694,127.263897746367,NaN,NaN,not_evaluated,0,0,604.091276292715
554.851391460185,-170.63238245621,240.791268390563,127.263897746367,NaN,NaN,not_evaluated,0,0,580.495888484997
554.851391460185,-102.379429473726,396.628052355104,127.263897746367,NaN,NaN,not_evaluated,0,0,564.21770105578
554.851391460185,-34.1264764912419,1182.81407608179,255.551839170976,NaN,NaN,not_evaluated,0,0,555.899885773519
554.851391460185,34.1264764912421,1182.81407608178,255.551839170976,NaN,NaN,not_evaluated,0,0,555.899885773519
554.851391460185,102.379429473726,396.628052355103,127.263897746367,NaN,NaN,not_evaluated,0,0,564.21770105578
554.851391460185,170.63238245621,240.791268390563,127.263897746367,NaN,NaN,not_evaluated,0,0,580.495888484997
554.851391460185,238.885335438694,174.985789184694,127.263897746367,NaN,NaN,not_evaluated,0,0,604.091276292715
556.268509484527,-9.59330937448397,4196.01114726394,450.076145979349,NaN,NaN,not_evaluated,0,0,556.35122560204
559.463716031357,194.093672170233,211.422868669,127.263897746367,NaN,NaN,not_evaluated,0,0,592.175652262182
559.786116668094,255.916906114081,163.052727470788,102.009999723554,NaN,NaN,not_evaluated,0,0,615.511136576218
560.507787822782,277.390121434618,151.327720778408,102.009999723554,NaN,NaN,not_evaluated,0,0,625.391285260277
560.644669019971,-211.231176668266,194.786164760392,127.263897746367,NaN,NaN,not_evaluated,0,0,599.116895853533
561.741685748704,-6.27390478026439,6364.33053062505,450.194900273027,NaN,NaN,not_evaluated,0,0,561.776720226984
564.277285707103,28.9341685114761,1375.56002462002,380.444596497837,NaN,NaN,not_evaluated,0,0,565.01862028824
570.852468100458,23.8433237278356,1652.77223673012,380.444596497837,NaN,NaN,not_evaluated,0,0,571.350194209099
572.320463329246,340.174626696484,124.274643939307,36.3846323647678,NaN,NaN,not_evaluated,0,0,665.784867200731
573.281327854767,-13.7199138394287,2861.19764899016,380.28461203762,NaN,NaN,not_evaluated,0,0,573.445478578989
579.108629403225,-324.885563250995,128.13844337527,36.3846323647678,NaN,NaN,not_evaluated,0,0,664.016139757308
581.212997255566,-307.138288421177,134.224666153651,36.3846323647678,68.1976832152856,169.514587842183,pruned,19,0.0047618,657.37544553557
581.212997255566,-238.885335438694,168.582506700252,127.263897746367,NaN,NaN,not_evaluated,0,0,628.390604374744
581.212997255566,-170.63238245621,231.776549629471,127.263897746367,NaN,NaN,not_evaluated,0,0,605.742484989687
581.212997255566,-102.379429473726,381.544678722209,127.263897746367,NaN,NaN,not_evaluated,0,0,590.161076112416
581.212997255566,-34.1264764912419,1137.47268870016,250.912095634464,NaN,NaN,not_evaluated,0,0,582.214019563688
581.212997255566,34.1264764912421,1137.47268870015,250.912095634464,NaN,NaN,not_evaluated,0,0,582.214019563688
581.212997255566,102.379429473726,381.544678722208,127.263897746367,NaN,NaN,not_evaluated,0,0,590.161076112416
581.212997255566,170.63238245621,231.776549629471,127.263897746367,NaN,NaN,not_evaluated,0,0,605.742484989687
581.212997255566,238.885335438694,168.582506700252,127.263897746367,NaN,NaN,not_evaluated,0,0,628.390604374744
581.212997255566,307.138288421178,134.224666153651,36.3846323647678,68.1976832152851,169.514587842181,pruned,19,0.0032773,657.37544553557
585.700069349155,73.8874290722281,523.363623673668,250.912095634464,NaN,NaN,not_evaluated,0,0,590.342208731943
587.572696283286,-86.0461786172081,448.742291865328,127.263897746367,NaN,NaN,not_evaluated,0,0,593.839724397278
598.70060671486,289.367069973201,138.094718997137,32.9485336484617,NaN,NaN,not_evaluated,0,0,664.962944580836
600.937584123754,18.5162444134041,2033.57817657846,380.444596497837,NaN,NaN,not_evaluated,0,0,601.222780107068
607.574603050947,-375.391241403661,109.008924400436,36.3846323647678,NaN,NaN,not_evaluated,0,0,714.188688229587
607.574603050947,-307.138288421177,129.363313765939,36.3846323647678,NaN,NaN,not_evaluated,0,0,680.794261496677
607.574603050947,-238.885335438694,162.285452702331,102.009999723554,NaN,NaN,not_evaluated,0,0,652.849984115932
607.574603050947,-170.63238245621,222.907546145723,127.263897746367,NaN,NaN,not_evaluated,0,0,631.080270817587
607.574603050947,-102.379429473726,366.700464624883,127.263897746367,NaN,NaN,not_evaluated,0,0,616.139956383192
607.574603050947,-34.1264764912419,1092.84287662384,250.912095634464,NaN,NaN,not_evaluated,0,0,608.532262637096
607.574603050947,34.1264764912421,1092.84287662383,250.912095634464,NaN,NaN,not_evaluated,0,0,608.532262637096
607.574603050947,102.379429473726,366.700464624882,127.263897746367,NaN,NaN,not_evaluated,0,0,616.139956383192
607.574603050947,170.63238245621,222.907546145722,127.263897746367,NaN,NaN,not_evaluated,0,0,631.080270817587
607.574603050947,238.885335438694,162.285452702331,102.009999723554,NaN,NaN,not_evaluated,0,0,652.849984115932
607.574603050947,307.138288421178,129.363313765939,36.3846323647678,NaN,NaN,not_evaluated,0,0,680.794261496678
607.574603050947,375.391241403662,109.008924400436,36.3846323647678,NaN,NaN,not_evaluated,0,0,714.188688229587
615.205921654489,-94.8186336834416,390.930300264301,127.263897746367,NaN,NaN,not_evaluated,0,0,622.469998740778
620.104367926686,296.865219915596,130.93908366605,32.9485336484617,NaN,NaN,not_evaluated,0,0,687.501553392637
630.355301033155,208.108224050586,178.391302432855,127.263897746367,NaN,NaN,not_evaluated,0,0,663.819884048443
630.778561186659,211.409979957162,175.666859577847,127.263897746367,NaN,NaN,not_evaluated,0,0,665.263686727451
633.936208846328,-443.644194386145,92.155489141398,36.3846323647678,NaN,NaN,not_evaluated,0,0,773.754022993734
633.936208846328,-375.391241403661,105.136432188444,36.3846323647678,NaN,NaN,not_evaluated,0,0,736.745343391485
633.936208846328,-307.138288421177,124.586977216603,36.3846323647678,NaN,NaN,not_evaluated,0,0,704.421070880724
633.936208846328,-238.885335438694,156.095037023106,102.009999723554,NaN,NaN,not_evaluated,0,0,677.452079762187
633.936208846328,-170.63238245621,214.184580775389,127.263897746367,NaN,NaN,not_evaluated,0,0,656.498687606561
633.936208846328,-102.379429473726,352.095617114949,127.263897746367,NaN,NaN,pair_pruned,0,0,642.150032676026
633.936208846328,-34.1264764912419,1048.92471124042,250.912095634464,NaN,NaN,not_evaluated,0,0,634.854103935828
633.936208846328,34.1264764912421,1048.92471124041,250.912095634464,NaN,NaN,not_evaluated,0,0,634.854103935828
633.936208846328,102.379429473726,352.095617114948,127.263897746367,NaN,NaN,not_evaluated,0,0,642.150032676026
633.936208846328,170.63238245621,214.184580775389,127.263897746367,NaN,NaN,not_evaluated,0,0,656.498687606561
633.936208846328,238.885335438694,156.095037023106,102.009999723554,NaN,NaN,not_evaluated,0,0,677.452079762187
633.936208846328,307.138288421178,124.586977216603,36.3846323647678,NaN,NaN,not_evaluated,0,0,704.421070880724
633.936208846328,375.391241403662,105.136432188444,36.3846323647678,NaN,NaN,not_evaluated,0,0,736.745343391485
633.936208846328,443.644194386146,92.155489141398,36.3846323647678,NaN,NaN,not_evaluated,0,0,773.754022993734
634.021034523869,-333.019835262534,116.180898668006,36.3846323647678,NaN,NaN,not_evaluated,0,0,716.159816589148
641.963729083423,55.53932570302,637.325386940244,250.912095634464,NaN,NaN,not_evaluated,0,0,644.361735485775
642.519118392786,-419.588611220693,95.0848244849146,36.3846323647678,NaN,NaN,not_evaluated,0,0,767.388702136246
644.79440799963,118.156460036662,300.726058725144,127.263897746367,NaN,NaN,not_evaluated,0,0,655.530912799685
646.415143707759,-440.685418348842,91.0997930519076,36.3846323647678,NaN,NaN,not_evaluated,0,0,782.340191962561
647.623397601959,-173.837330327313,206.017632697771,127.263897746367,NaN,NaN,not_evaluated,0,0,670.548642931169
648.161651747028,-222.874205671413,162.892743970948,102.009999723554,NaN,NaN,not_evaluated,0,0,685.409686500781
648.786742210578,-149.465576304547,237.758654794235,127.263897746367,NaN,NaN,not_evaluated,0,0,665.78089141118
653.731116270096,32.203317446504,1077.00575712467,250.912095634464,NaN,NaN,not_evaluated,0,0,654.523816246824
657.133983269898,-227.40260225488,157.71809587534,102.009999723554,NaN,NaN,not_evaluated,0,0,695.368258896287
657.501909862319,26.104604496823,1320.21225239783,250.584144988733,NaN,NaN,not_evaluated,0,0,658.019917516584
658.837244392261,11.148807405404,3083.21395627204,380.28461203762,NaN,NaN,not_evaluated,0,0,658.931567391448
660.297814641709,-511.897147368629,80.3068940080211,36.3846323647678,NaN,NaN,not_evaluated,0,0,835.483030051931
660.297814641709,-443.644194386145,88.9728280395613,36.3846323647678,NaN,NaN,not_evaluated,0,0,795.49567895316
660.297814641709,-375.391241403661,101.335784170278,36.3846323647678,NaN,NaN,not_evaluated,0,0,759.547094091735
660.297814641709,-307.138288421177,119.896170518691,36.3846323647678,NaN,NaN,not_evaluated,0,0,728.235629610984
660.297814641709,-238.885335438694,150.011716522876,102.009999723554,NaN,NaN,not_evaluated,0,0,702.18189061544
660.297814641709,-170.63238245621,205.608015307095,127.263897746367,NaN,NaN,not_evaluated,0,0,681.988719821156
660.297814641709,-102.379429473726,337.730369085914,127.263897746367,NaN,NaN,not_evaluated,0,0,668.187661963301
660.297814641709,-34.1264764912419,1005.71827300025,250.912095634464,NaN,NaN,not_evaluated,0,0,661.179113719062
660.297814641709,34.1264764912421,1005.71827300024,250.912095634464,NaN,NaN,not_evaluated,0,0,661.179113719062
660.297814641709,102.379429473726,337.730369085913,127.263897746367,NaN,NaN,not_evaluated,0,0,668.187661963301
660.297814641709,170.63238245621,205.608015307095,127.263897746367,NaN,NaN,not_evaluated,0,0,681.988719821156
660.297814641709,238.885335438694,150.011716522876,102.009999723554,NaN,NaN,not_evaluated,0,0,702.18189061544
660.297814641709,307.138288421178,119.896170518691,36.3846323647678,NaN,NaN,not_evaluated,0,0,728.235629610984
660.297814641709,375.391241403662,101.335784170278,36.3846323647678,NaN,NaN,not_evaluated,0,0,759.547094091735
660.297814641709,443.644194386146,88.9728280395613,36.3846323647678,64.9776375875673,110.724042772397,pruned,20,0.0051412,795.49567895316
660.297814641709,511.897147368629,80.3068940080211,36.3846323647678,NaN,NaN,not_evaluated,0,0,835.483030051932
660.678756495932,-507.246837857518,80.7714882311965,36.3846323647678,NaN,NaN,not_evaluated,0,0,832.944040017973
661.711785202966,514.499030956582,79.8856014453734,36.3846323647678,NaN,NaN,not_evaluated,0,0,838.195525836161
662.08057490554,-407.778635998998,94.6559747344965,36.3846323647678,NaN,NaN,not_evaluated,0,0,777.582216646223
664.412891469461,320.637525018503,114.850698403303,36.3846323647678,NaN,NaN,not_evaluated,0,0,737.734988190747
671.294323419426,-196.149106170794,177.0834511768,127.263897746367,NaN,NaN,not_evaluated,0,0,699.364383212891
672.322522506287,-502.796003958809,80.0531814846129,36.3846323647678,NaN,NaN,not_evaluated,0,0,839.536417236419
677.294821262634,-498.121563475259,80.0504662088119,36.3846323647678,NaN,NaN,not_evaluated,0,0,840.74572071954
679.848287726105,335.407795072435,108.090472476201,36.3846323647678,NaN,NaN,not_evaluated,0,0,758.084482969722
681.106955097325,-499.679873129524,79.4837746451017,36.3846323647678,NaN,NaN,not_evaluated,0,0,844.74058733595
681.624660766577,-268.49698944666,130.667231070417,32.9485336484617,NaN,NaN,not_evaluated,0,0,732.60003515361
685.811037696069,172.104232383804,195.83918130648,127.263897746367,NaN,NaN,not_evaluated,0,0,707.076124777366
686.65942043709,-511.897147368629,77.6332335967391,36.3846323647678,NaN,NaN,not_evaluated,0,0,856.469409353971
686.65942043709,-443.644194386145,85.8530091208825,36.3846323647678,NaN,NaN,not_evaluated,0,0,817.509223732388
686.65942043709,-375.391241403661,97.6075690463909,36.3846323647678,NaN,NaN,not_evaluated,0,0,782.572516638287
686.65942043709,-307.138288421177,115.291464061166,36.3846323647678,NaN,NaN,not_evaluated,0,0,752.220106012389
686.65942043709,-238.885335438694,144.036001805602,102.009999723554,NaN,NaN,not_evaluated,0,0,727.026384089778
686.65942043709,-170.63238245621,197.178256414893,127.263897746367,NaN,NaN,not_evaluated,0,0,707.542627420908
686.65942043709,-102.379429473726,323.604983380743,127.263897746367,NaN,NaN,not_evaluated,0,0,694.249744151458
686.65942043709,-34.1264764912419,963.223652888133,250.912095634464,NaN,NaN,not_evaluated,0,0,687.506928017971
686.65942043709,34.1264764912421,963.223652888126,250.912095634464,NaN,NaN,not_evaluated,0,0,687.506928017971
686.65942043709,102.379429473726,323.604983380742,127.263897746367,NaN,NaN,not_evaluated,0,0,694.249744151458
686.65942043709,170.63238245621,197.178256414893,127.263897746367,NaN,NaN,not_evaluated,0,0,707.542627420908
686.65942043709,238.885335438694,144.036001805602,102.009999723554,NaN,NaN,not_evaluated,0,0,727.026384089778
686.65942043709,307.138288421178,115.291464061166,36.3846323647678,NaN,NaN,not_evaluated,0,0,752.220106012389
686.65942043709,375.391241403662,97.6075690463909,36.3846323647678,NaN,NaN,not_evaluated,0,0,782.572516638287
686.65942043709,443.644194386146,85.8530091208825,36.3846323647678,NaN,NaN,not_evaluated,0,0,817.509223732388
686.65942043709,511.897147368629,77.633233596739,36.3846323647678,NaN,NaN,not_evaluated,0,0,856.469409353971
687.949140614604,359.559667295149,100.867580761123,36.3846323647678,NaN,NaN,not_evaluated,0,0,776.245563219379
689.086467442929,-168.269485040745,199.036588093152,127.263897746367,NaN,NaN,not_evaluated,0,0,709.334039228946
689.259041710369,163.719346945697,204.257175320945,127.263897746367,NaN,NaN,not_evaluated,0,0,708.436342336996
689.748936758212,-528.150772072166,75.7445082751625,36.3846323647678,NaN,NaN,not_evaluated,0,0,868.732889788057
690.090548751036,-541.784811140881,74.4763202010999,36.3846323647678,NaN,NaN,not_evaluated,0,0,877.357251670302
696.10372852354,186.390189563276,178.609438164323,127.263897746367,NaN,NaN,not_evaluated,0,0,720.625911017504
696.359881383994,-297.430575763883,116.797599145552,32.9485336484617,NaN,NaN,not_evaluated,0,0,757.219936214284
701.321468406767,150.698515004317,216.843478722339,127.263897746367,NaN,NaN,not_evaluated,0,0,717.329662339938
706.596461527757,-424.980743534701,86.2161458686178,36.3846323647678,NaN,NaN,not_evaluated,0,0,824.552722279694
707.318415563773,332.422481582552,104.550534513102,36.3846323647678,NaN,NaN,not_evaluated,0,0,781.539536592454
710.866685955608,-361.483857134791,97.122846396299,36.3846323647678,NaN,NaN,not_evaluated,0,0,797.49735057275
711.971877430468,-328.153069379785,104.942131239025,36.3846323647678,NaN,NaN,not_evaluated,0,0,783.956880954074
713.021026232471,-580.150100351113,69.3985105535142,36.3846323647678,NaN,NaN,not_evaluated,0,0,919.224196149673
713.021026232471,-511.897147368629,75.0157581931603,36.3846323647678,NaN,NaN,not_evaluated,0,0,877.745790837954
713.021026232471,-443.644194386145,82.796657742333,36.3846323647678,NaN,NaN,not_evaluated,0,0,839.773275987119
713.021026232471,-375.391241403661,93.9524356732669,36.3846323647678,NaN,NaN,not_evaluated,0,0,805.802437308418
713.021026232471,-307.138288421177,110.773492125172,36.3846323647678,NaN,NaN,not_evaluated,0,0,776.358752165451
713.021026232471,-238.885335438694,138.168465081963,32.9485336484617,NaN,NaN,not_evaluated,0,0,751.974193265475
713.021026232471,-170.63238245621,188.895762691383,127.263897746367,NaN,NaN,not_evaluated,0,0,733.153731349904
713.021026232471,-102.379429473726,309.719757702764,127.263897746367,NaN,NaN,not_evaluated,0,0,720.333625085607
713.021026232471,-34.1264764912419,921.440954190279,250.912095634464,NaN,NaN,not_evaluated,0,0,713.837236523364
713.021026232471,34.1264764912421,921.440954190273,250.912095634464,NaN,NaN,not_evaluated,0,0,713.837236523364
713.021026232471,102.379429473726,309.719757702763,127.263897746367,NaN,NaN,not_evaluated,0,0,720.333625085607
713.021026232471,170.63238245621,188.895762691383,127.263897746367,NaN,NaN,not_evaluated,0,0,733.153731349904
713.021026232471,238.885335438694,138.168465081963,32.9485336484617,NaN,NaN,not_evaluated,0,0,751.974193265476
713.021026232471,307.138288421178,110.773492125172,36.3846323647678,NaN,NaN,not_evaluated,0,0,776.358752165451
713.021026232471,375.391241403662,93.9524356732669,36.3846323647678,NaN,NaN,not_evaluated,0,0,805.802437308418
713.021026232471,443.644194386146,82.7966577423329,36.3846323647678,NaN,NaN,not_evaluated,0,0,839.773275987119
713.021026232471,511.897147368629,75.0157581931603,36.3846323647678,NaN,NaN,not_evaluated,0,0,877.745790837954
713.021026232471,580.150100351113,69.3985105535142,36.3846323647678,NaN,NaN,not_evaluated,0,0,919.224196149673
714.305362078783,528.588265602225,73.3533934891987,36.3846323647678,NaN,NaN,not_evaluated,0,0,888.615611401729
718.204481771708,-271.570409324548,122.224100029606,32.9485336484617,NaN,NaN,not_evaluated,0,0,767.833422597421
721.751904965771,-548.346513376567,71.0069431419536,36.3846323647678,NaN,NaN,not_evaluated,0,0,906.426892283077
723.043909327912,504.32796851241,74.7591605297209,36.3846323647678,NaN,NaN,not_evaluated,0,0,881.554986736531
730.384465447958,370.95863205472,92.4413266782054,36.3846323647678,NaN,NaN,not_evaluated,0,0,819.189705784691
731.486550452283,59.3385981087191,514.484349903074,126.51376649624,NaN,NaN,not_evaluated,0,0,733.889394062953
735.194888791205,55.4724012442076,546.577345324285,225.251500804944,NaN,NaN,not_evaluated,0,0,737.284688437588
739.382632027852,-580.150100351113,67.1663321048642,36.3846323647678,NaN,NaN,not_evaluated,0,0,939.819565385739
739.382632027852,-511.897147368629,72.4550893703126,36.3846323647678,NaN,NaN,not_evaluated,0,0,899.291591214203
739.382632027852,-443.644194386145,79.804457015168,36.3846323647678,NaN,NaN,not_evaluated,0,0,862.268431381415
739.382632027852,-375.391241403661,90.3711002458941,36.3846323647678,NaN,NaN,not_evaluated,0,0,829.219669729931
739.382632027852,-307.138288421177,106.342961560597,36.3846323647678,NaN,NaN,not_evaluated,0,0,800.637623871576
739.382632027852,-238.885335438694,132.409749407166,40.0076139376107,NaN,NaN,not_evaluated,0,0,777.015366664064
739.382632027852,-170.63238245621,180.761053022794,127.263897746367,NaN,NaN,not_evaluated,0,0,758.816240263158
739.382632027852,-102.379429473726,296.075030517906,127.263897746367,NaN,NaN,not_evaluated,0,0,746.43701952931
739.382632027852,-34.1264764912419,880.370294628025,250.912095634464,NaN,NaN,not_evaluated,0,0,740.169773053548
739.382632027852,34.1264764912421,880.370294628019,250.912095634464,NaN,NaN,not_evaluated,0,0,740.169773053548
739.382632027852,102.379429473726,296.075030517906,127.263897746367,NaN,NaN,not_evaluated,0,0,746.43701952931
739.382632027852,170.63238245621,180.761053022794,127.263897746367,NaN,NaN,not_evaluated,0,0,758.816240263158
739.382632027852,238.885335438694,132.409749407166,40.0076139376107,NaN,NaN,not_evaluated,0,0,777.015366664064
739.382632027852,307.138288421178,106.342961560597,36.3846323647678,NaN,NaN,not_evaluated,0,0,800.637623871576
739.382632027852,375.391241403662,90.3711002458941,36.3846323647678,NaN,NaN,not_evaluated,0,0,829.219669729931
739.382632027852,443.644194386146,79.804457015168,36.3846323647678,NaN,NaN,not_evaluated,0,0,862.268431381415
739.382632027852,511.897147368629,72.4550893703125,36.3846323647678,NaN,NaN,not_evaluated,0,0,899.291591214203
739.382632027852,580.150100351113,67.1663321048642,36.3846323647678,NaN,NaN,not_evaluated,0,0,939.819565385739
739.524562842614,-523.139779718115,71.4509900827841,36.3846323647678,NaN,NaN,not_evaluated,0,0,905.854187036234
748.330537518932,-34.5080825677071,857.030459451322,250.912095634464,NaN,NaN,not_evaluated,0,0,749.125757897747
750,600,65.0592548712953,36.3846323647678,58.6363057051607,71.5658539780527,pruned,48,0.00771,960.468635614927
751.17428669186,-259.018710560239,120.860695143219,32.9485336484617,NaN,NaN,not_evaluated,0,0,794.577561605734
754.146839394715,463.724162382588,75.803114023632,36.3846323647678,NaN,NaN,not_evaluated,0,0,885.312122444096
755.215202882591,424.657865480049,80.5013752858673,36.3846323647678,NaN,NaN,not_evaluated,0,0,866.420397600994
758.28987762436,1.97240538861638,14712.8412777674,320.005635281093,NaN,NaN,not_evaluated,0,0,758.292442854724
758.668863437917,-355.775965821799,91.5443118669811,36.3846323647678,NaN,NaN,not_evaluated,0,0,837.946885074833
760.793000087374,-230.299301143926,132.08262835829,40.0076139376107,NaN,NaN,not_evaluated,0,0,794.886002574789
762.050265710441,264.088301500063,116.728289111598,32.9485336484617,NaN,NaN,not_evaluated,0,0,806.513011958606
764.040570091924,-94.2550858020846,307.474205026598,127.263897746367,NaN,NaN,not_evaluated,0,0,769.832458360876
765.744237823232,-648.403053333597,61.3422763851178,36.3846323647678,56.2328292523025,58.0232420052113,converged,106,0.0125636,1003.38963385706
765.744237823232,-580.150100351113,64.9856485860267,36.3846323647678,58.4519400447019,71.3477394966673,pruned,48,0.0081053,960.696818302679
765.744237823232,-511.897147368629,69.9518986313789,36.3846323647678,NaN,NaN,not_evaluated,0,0,921.087904189184
765.744237823232,-443.644194386145,76.8771536129283,36.3846323647678,NaN,NaN,not_evaluated,0,0,884.977066918694
765.744237823232,-375.391241403661,86.8643544074456,36.3846323647678,NaN,NaN,not_evaluated,0,0,852.808783891246
765.744237823232,-307.138288421177,102.000661820131,36.3846323647678,NaN,NaN,not_evaluated,0,0,825.044341822774
765.744237823232,-238.885335438694,126.760579571349,40.0076139376107,NaN,NaN,not_evaluated,0,0,802.141160424486
765.744237823232,-170.63238245621,172.774716609361,102.009999723554,NaN,NaN,not_evaluated,0,0,784.525109669643
765.744237823232,-102.379429473726,282.671188188391,127.263897746367,NaN,NaN,not_evaluated,0,0,772.557949502074
765.744237823232,-34.1264764912419,840.011808950099,250.912095634464,NaN,NaN,not_evaluated,0,0,766.504307983452
765.744237823232,34.1264764912421,840.011808950094,250.912095634464,NaN,NaN,not_evaluated,0,0,766.504307983452
765.744237823232,102.379429473726,282.67118818839,127.263897746367,NaN,NaN,pair_pruned,0,0,772.557949502074
765.744237823232,170.63238245621,172.774716609361,102.009999723554,NaN,NaN,not_evaluated,0,0,784.525109669643
765.744237823232,238.885335438694,126.760579571349,40.0076139376107,NaN,NaN,not_evaluated,0,0,802.141160424486
765.744237823232,307.138288421178,102.000661820131,36.3846323647678,60.0451672751113,137.716179545789,pruned,19,0.0047676,825.044341822774
765.744237823232,375.391241403662,86.8643544074456,36.3846323647678,NaN,NaN,not_evaluated,0,0,852.808783891246
765.744237823232,443.644194386146,76.8771536129283,36.3846323647678,NaN,NaN,not_evaluated,0,0,884.977066918694
765.744237823232,511.897147368629,69.9518986313789,36.3846323647678,NaN,NaN,not_evaluated,0,0,921.087904189184
765.744237823232,580.150100351113,64.9856485860267,36.3846323647678,58.4519400447016,71.3477394966677,pruned,48,0.0090435,960.696818302679
765.744237823232,648.403053333597,61.3422763851178,36.3846323647678,56.232829252302,58.0232420052108,converged,106,0.0136,1003.38963385706
767.533137545262,-335.800116418839,94.5479807686442,36.3846323647678,64.1368256679378,107.109967755667,pruned,24,0.0064033,837.776124878824
773.078909501309,178.769655107538,163.275799953653,102.009999723554,NaN,NaN,not_evaluated,0,0,793.479419961855
776.146077485069,-409.943248741352,80.0893613965672,36.3846323647678,NaN,NaN,not_evaluated,0,0,877.756344770046
777.167688022753,249.618444998764,119.599901752654,40.0076139376107,NaN,NaN,not_evaluated,0,0,816.271390770393
777.416526246845,279.147686714122,108.49103961103,32.9485336484617,NaN,NaN,not_evaluated,0,0,826.014458880447
780.00519314364,145.327028943061,196.251164710458,127.263897746367,NaN,NaN,not_evaluated,0,0,793.428034967548
787.93525360762,-523.995276812075,66.9417709072787,36.3846323647678,NaN,NaN,not_evaluated,0,0,946.26265592544
791.389938386465,-9.73302957237547,2806.73148181896,372.495983228501,NaN,NaN,not_evaluated,0,0,791.449787695965
792.084769641938,-603.649124091291,61.5703050097632,36.3846323647678,56.3896669564785,58.0338166991068,converged,98,0.0182791,995.886814510015
792.105843618613,-580.150100351113,62.8570796437177,36.3846323647678,57.3197221407386,58.9716647888617,converged,98,0.017906,981.837973614874
792.105843618613,-511.897147368629,67.5069111929064,36.3846323647678,NaN,NaN,not_evaluated,0,0,943.11736119048
792.105843618613,-443.644194386145,74.0155641070628,36.3846323647678,NaN,NaN,not_evaluated,0,0,907.883163577388
792.105843618613,-375.391241403661,83.4330743988625,36.3846323647678,NaN,NaN,not_evaluated,0,0,876.55590330414
792.105843618613,-307.138288421177,97.7474765822827,36.3846323647678,NaN,NaN,not_evaluated,0,0,849.567887639973
792.105843618613,-238.885335438694,121.221774983369,45.0033841670874,NaN,NaN,not_evaluated,0,0,827.343865017692
792.105843618613,-170.63238245621,164.937425013727,102.009999723554,NaN,NaN,pair_pruned,0,0,810.275926729554
792.105843618613,-102.379429473726,269.508673646385,127.263897746367,NaN,NaN,not_evaluated,0,0,798.694694532348
792.105843618613,-34.1264764912419,800.365652102495,250.912095634464,NaN,NaN,not_evaluated,0,0,792.840642180043
792.105843618613,34.1264764912421,800.36565210249,250.912095634464,NaN,NaN,not_evaluated,0,0,792.840642180043
792.105843618613,102.379429473726,269.508673646384,127.263897746367,NaN,NaN,not_evaluated,0,0,798.694694532348
792.105843618613,170.63238245621,164.937425013727,102.009999723554,NaN,NaN,not_evaluated,0,0,810.275926729554
792.105843618613,238.885335438694,121.221774983369,45.0033841670874,NaN,NaN,not_evaluated,0,0,827.343865017692
792.105843618613,307.138288421178,97.7474765822826,36.3846323647678,NaN,NaN,not_evaluated,0,0,849.567887639973
792.105843618613,375.391241403662,83.4330743988625,36.3846323647678,NaN,NaN,not_evaluated,0,0,876.55590330414
792.105843618613,443.644194386146,74.0155641070628,36.3846323647678,NaN,NaN,not_evaluated,0,0,907.883163577388
792.105843618613,511.897147368629,67.5069111929064,36.3846323647678,NaN,NaN,not_evaluated,0,0,943.117361190481
792.105843618613,580.150100351113,62.8570796437177,36.3846323647678,57.3197221407384,58.9716647888615,converged,98,0.0204062,981.837973614874
799.220825448724,-589.980072810212,61.7463262443488,36.3846323647678,56.5006706548826,56.5714310197994,converged,176,0.0235693,993.393383380463
801.990247167872,548.776581163622,63.9746802958722,36.3846323647678,58.0587167356115,59.7072660215383,converged,95,0.0133572,971.773683830766
803.613422484341,270.662079827081,106.618156850904,40.0076139376107,NaN,NaN,not_evaluated,0,0,847.969630501775
806.859659164966,-428.584231907096,74.160342026421,36.3846323647678,NaN,NaN,not_evaluated,0,0,913.622982103231
807.87923611208,3.48488977600641,7598.72503112051,372.495553082076,NaN,NaN,not_evaluated,0,0,807.886752334626
809.03466294156,-468.948587554838,69.6367629731188,36.3846323647678,NaN,NaN,not_evaluated,0,0,935.120240188737
812.248248856503,-518.862058710543,65.158769912334,36.3846323647678,NaN,NaN,not_evaluated,0,0,963.828332090211
814.607212140216,-539.382549681139,63.5267116439935,36.3846323647678,57.6575389085749,59.5116289451888,converged,95,0.014677,976.9945982304
817.662875754626,491.017900291952,66.8401763861803,36.3846323647678,NaN,NaN,not_evaluated,0,0,953.76682516978
818.467449413994,-580.150100351113,60.7812850229163,36.3846323647678,55.6389583550602,55.7388269156936,converged,167,0.0224777,1003.22634768414
818.467449413994,-511.897147368629,65.120909863882,36.3846323647678,58.4880809921312,66.9800199337559,pruned,55,0.0072047,965.36400141832
818.467449413994,-443.644194386145,71.2205818400769,36.3846323647678,NaN,NaN,not_evaluated,0,0,930.972146179885
818.467449413994,-375.391241403661,80.0782313677758,36.3846323647678,NaN,NaN,not_evaluated,0,0,900.448527053507
818.467449413994,-307.138288421177,93.5843972342527,40.0076139376107,NaN,NaN,not_evaluated,0,0,874.198429399493
818.467449413994,-238.885335438694,115.794264966998,47.4966064348993,NaN,NaN,not_evaluated,0,0,852.616660192554
818.467449413994,-170.63238245621,157.249946723231,102.009999723554,NaN,NaN,not_evaluated,0,0,836.064815485577
818.467449413994,-102.379429473726,256.587997007163,127.263897746367,NaN,NaN,not_evaluated,0,0,824.845751234505
818.467449413994,-34.1264764912419,761.432003131696,250.912095634464,NaN,NaN,not_evaluated,0,0,819.178602105766
818.467449413994,34.1264764912421,761.432003131691,250.912095634464,NaN,NaN,not_evaluated,0,0,819.178602105766
818.467449413994,102.379429473726,256.587997007163,127.263897746367,NaN,NaN,not_evaluated,0,0,824.845751234505
818.467449413994,170.63238245621,157.249946723231,102.009999723554,NaN,NaN,not_evaluated,0,0,836.064815485577
818.467449413994,238.885335438694,115.794264966998,47.4966064348993,NaN,NaN,not_evaluated,0,0,852.616660192555
818.467449413994,307.138288421178,93.5843972342526,40.0076139376107,NaN,NaN,not_evaluated,0,0,874.198429399493
818.467449413994,375.391241403662,80.0782313677758,36.3846323647678,NaN,NaN,not_evaluated,0,0,900.448527053507
818.467449413994,443.644194386146,71.2205818400769,36.3846323647678,NaN,NaN,not_evaluated,0,0,930.972146179885
818.467449413994,511.897147368629,65.120909863882,36.3846323647678,58.4880809921317,66.9800199337567,pruned,55,0.0091017,965.36400141832
818.467449413994,580.150100351113,60.7812850229162,36.3846323647678,55.6389583550598,55.7388269156932,converged,167,0.0603622,1003.22634768414
819.124155485484,-67.0623798366412,388.507071027901,127.263897746367,NaN,NaN,not_evaluated,0,0,821.864797207643
819.915057525848,483.198204102383,67.2887561790793,36.3846323647678,NaN,NaN,not_evaluated,0,0,951.704369016652
819.978648112534,46.5359275085356,557.424124247193,172.496548131871,NaN,NaN,not_evaluated,0,0,821.298104167749
824.271024571538,-540.953273053274,62.6120335858565,36.3846323647678,56.9380279981708,58.5326461010757,converged,101,0.0119709,985.927566089549
825.856895673978,-423.586137686152,72.6644658787267,36.3846323647678,NaN,NaN,not_evaluated,0,0,928.151295949174
826.008107167392,-420.016400004932,73.0686187359456,36.3846323647678,NaN,NaN,not_evaluated,0,0,926.662381549699
828.108672997082,454.271944961971,69.1424185621869,36.3846323647678,NaN,NaN,not_evaluated,0,0,944.524734600699
829.284193527918,-358.672166049266,81.4301762784267,36.3846323647678,NaN,NaN,not_evaluated,0,0,903.525315823371
832.137536261481,88.8562483566886,287.132793237326,127.263897746367,NaN,NaN,not_evaluated,0,0,836.868156956252
832.683169672562,-438.456955599753,70.2816879621337,36.3846323647678,NaN,NaN,not_evaluated,0,0,941.066290422597
833.442366227665,-286.26333072317,96.6572465843755,40.0076139376107,NaN,NaN,not_evaluated,0,0,881.23372174463
839.469596552797,340.316393243518,83.3473528424276,36.3846323647678,NaN,NaN,not_evaluated,0,0,905.828047173851
839.662915848932,328.290329059794,85.6693958541775,40.0076139376107,NaN,NaN,not_evaluated,0,0,901.558845781083
844.829055209375,-511.897147368629,62.7947389497848,36.3846323647678,56.95140993344,57.0432948992777,converged,156,0.0195947,987.813151365229
844.829055209375,-443.644194386145,68.4931843285011,36.3846323647678,NaN,NaN,not_evaluated,0,0,954.230739254661
844.829055209375,-375.391241403661,76.8009029594657,36.3846323647678,NaN,NaN,not_evaluated,0,0,924.475373738288
844.829055209375,-307.138288421177,89.5125385301528,40.0076139376107,NaN,NaN,not_evaluated,0,0,898.927172100307
844.829055209375,-238.885335438694,110.479106986158,47.4966064348993,NaN,NaN,not_evaluated,0,0,877.953493081281
844.829055209375,-170.63238245621,149.713164846547,50.0608802340614,NaN,NaN,not_evaluated,0,0,861.888358471471
844.829055209375,-102.379429473726,243.909748643501,127.263897746367,NaN,NaN,not_evaluated,0,0,851.009800240474
844.829055209375,-34.1264764912419,723.211070026794,250.912095634464,NaN,NaN,not_evaluated,0,0,845.518035835826
844.829055209375,34.1264764912421,723.211070026789,250.912095634464,NaN,NaN,not_evaluated,0,0,845.518035835826
844.829055209375,102.379429473726,243.9097486435,127.263897746367,NaN,NaN,not_evaluated,0,0,851.009800240474
844.829055209375,170.63238245621,149.713164846547,50.0608802340614,NaN,NaN,not_evaluated,0,0,861.888358471471
844.829055209375,238.885335438694,110.479106986158,47.4966064348993,NaN,NaN,not_evaluated,0,0,877.953493081281
844.829055209375,307.138288421178,89.5125385301528,40.0076139376107,NaN,NaN,not_evaluated,0,0,898.927172100308
844.829055209375,375.391241403662,76.8009029594657,36.3846323647678,NaN,NaN,not_evaluated,0,0,924.475373738288
844.829055209375,443.644194386146,68.493184328501,36.3846323647678,NaN,NaN,not_evaluated,0,0,954.230739254661
844.829055209375,511.897147368629,62.7947389497848,36.3846323647678,56.9514099334397,57.0432948992773,converged,156,0.0178472,987.813151365229
845.577257000256,-77.8500016123296,318.524474133367,127.263897746367,NaN,NaN,not_evaluated,0,0,849.1534138818
848.962268161011,-147.335353201806,170.485264705447,102.009999723554,NaN,NaN,not_evaluated,0,0,861.65227270877
852.030872581963,263.392532953345,100.30061879474,47.4966064348993,NaN,NaN,not_evaluated,0,0,891.814013260815
854.530555272414,384.768910709871,74.2975091002538,36.3846323647678,NaN,NaN,not_evaluated,0,0,937.16038357532
856.999607634351,297.893922658277,89.8313826268048,45.0033841670874,NaN,NaN,not_evaluated,0,0,907.297700119518
859.68646664249,-341.78799151654,80.3336208891486,40.0076139376107,NaN,NaN,not_evaluated,0,0,925.137747620947
868.484823308002,178.935598756559,136.945135040889,50.0608802340614,NaN,NaN,not_evaluated,0,0,886.72647237956
869.690334670815,128.335558718034,186.695626053919,127.263897746367,NaN,NaN,not_evaluated,0,0,879.108237847481
871.190661004756,-443.644194386145,65.8344411620798,36.3846323647678,NaN,NaN,not_evaluated,0,0,977.646837582179
871.190661004756,-375.391241403661,73.6022863098634,36.3846323647678,NaN,NaN,not_evaluated,0,0,948.626244600309
871.190661004756,-307.138288421177,85.5331567894625,45.0033841670874,NaN,NaN,not_evaluated,0,0,923.746229240582
871.190661004756,-238.885335438694,105.277508437239,50.0608802340614,NaN,NaN,not_evaluated,0,0,903.348975374169
871.190661004756,-170.63238245621,142.328098742061,50.0608802340614,NaN,NaN,not_evaluated,0,0,887.74353152506
871.190661004756,-102.379429473726,231.474615408534,127.263897746367,NaN,NaN,not_evaluated,0,0,877.185678976389
871.190661004756,-34.1264764912419,685.703095774624,250.912095634464,NaN,NaN,not_evaluated,0,0,871.858809796409
871.190661004756,34.1264764912421,685.703095774619,250.912095634464,NaN,NaN,not_evaluated,0,0,871.858809796409
871.190661004756,102.379429473726,231.474615408534,127.263897746367,NaN,NaN,not_evaluated,0,0,877.185678976389
871.190661004756,170.63238245621,142.32809874206,50.0608802340614,NaN,NaN,not_evaluated,0,0,887.74353152506
871.190661004756,238.885335438694,105.277508437239,50.0608802340614,NaN,NaN,not_evaluated,0,0,903.348975374169
871.190661004756,307.138288421178,85.5331567894625,45.0033841670874,NaN,NaN,not_evaluated,0,0,923.746229240582
871.190661004756,375.391241403662,73.6022863098634,36.3846323647678,NaN,NaN,not_evaluated,0,0,948.626244600309
871.190661004756,443.644194386146,65.8344411620798,36.3846323647678,NaN,NaN,not_evaluated,0,0,977.646837582179
871.243872723426,394.769847501653,71.0636102822431,36.3846323647678,NaN,NaN,not_evaluated,0,0,956.508817656477
876.78423863078,108.446598743688,216.439923386805,127.263897746367,NaN,NaN,not_evaluated,0,0,883.46548653042
879.091432428114,399.132502576493,69.658108802184,36.3846323647678,NaN,NaN,not_evaluated,0,0,965.457664106245
879.220838893837,331.110925017974,79.603480653096,40.0076139376107,NaN,NaN,not_evaluated,0,0,939.501851095271
884.226115450399,79.709752797853,287.85439470105,127.263897746367,NaN,NaN,not_evaluated,0,0,887.811617369134
888.875217805453,-369.661742818515,72.2740167241936,40.0076139376107,NaN,NaN,not_evaluated,0,0,962.678013113582
889.366773292875,-8.07072613742855,2787.39851665991,372.495983228501,NaN,NaN,not_evaluated,0,0,889.403392200506
890.011790475734,-391.912481303412,69.2938476002696,36.3846323647678,NaN,NaN,not_evaluated,0,0,972.479501165561
892.48673974586,75.9726047116512,296.618381857956,127.263897746367,NaN,NaN,not_evaluated,0,0,895.714473082169
897.552266800137,-443.644194386145,63.2455223286169,36.3846323647678,56.6228808298729,58.4742063882759,converged,100,0.0154525,1001.20939011308
897.552266800137,-375.391241403661,70.4837125483955,40.0076139376107,NaN,NaN,not_evaluated,0,0,972.891903430513
897.552266800137,-307.138288421177,81.6476710533873,47.4966064348993,NaN,NaN,not_evaluated,0,0,948.648512280684
897.552266800137,-238.885335438694,100.190852797654,50.0608802340614,NaN,NaN,not_evaluated,0,0,928.798296254747
897.552266800137,-170.63238245621,135.095930609309,50.0608802340614,NaN,NaN,not_evaluated,0,0,913.627649308374
897.552266800137,-102.379429473726,219.2834009209,127.263897746367,NaN,NaN,not_evaluated,0,0,903.372359117451
897.552266800137,-34.1264764912419,648.908365997339,250.036547707384,NaN,NaN,not_evaluated,0,0,898.200806076109
897.552266800137,34.1264764912421,648.908365997334,250.036547707384,NaN,NaN,not_evaluated,0,0,898.200806076109
897.552266800137,102.379429473726,219.2834009209,127.263897746367,NaN,NaN,not_evaluated,0,0,903.372359117451
897.552266800137,170.63238245621,135.095930609309,50.0608802340614,NaN,NaN,not_evaluated,0,0,913.627649308374
897.552266800137,238.885335438694,100.190852797654,50.0608802340614,NaN,NaN,not_evaluated,0,0,928.798296254747
897.552266800137,307.138288421178,81.6476710533873,47.4966064348993,NaN,NaN,not_evaluated,0,0,948.648512280684
897.552266800137,375.391241403662,70.4837125483954,40.0076139376107,NaN,NaN,not_evaluated,0,0,972.891903430513
897.552266800137,443.644194386146,63.2455223286169,36.3846323647678,56.6228808298733,58.4742063882752,converged,100,0.0165304,1001.20939011308
899.773095469449,376.737048748767,70.0522411853223,40.0076139376107,NaN,NaN,not_evaluated,0,0,975.460110527645
901.404968131468,3.43034681508402,6391.58835739702,372.495983228501,NaN,NaN,not_evaluated,0,0,901.411495295774
901.594239656507,-298.102807009467,82.9604814546903,47.4966064348993,NaN,NaN,not_evaluated,0,0,949.598576519952
903.163874094519,195.073996935533,118.30664764741,50.0608802340614,NaN,NaN,not_evaluated,0,0,923.990718432725
905.87851129644,-407.711581413384,65.8076283923446,36.3846323647678,NaN,NaN,not_evaluated,0,0,993.400528914323
908.75075930089,403.397397557972,65.9549929929129,40.0076139376107,NaN,NaN,not_evaluated,0,0,994.262240501211
911.329298144439,-283.764641115052,84.7232772380141,47.4966064348993,NaN,NaN,not_evaluated,0,0,954.48596700192
912.719568960056,71.805552821566,300.347974237862,150.017766493115,NaN,NaN,not_evaluated,0,0,915.539758273032
915.434944548277,-181.864867421453,122.937735515402,50.0608802340614,NaN,NaN,not_evaluated,0,0,933.325220757657
918.533308864103,-186.33614739674,119.518559278412,50.0608802340614,NaN,NaN,not_evaluated,0,0,937.243084434074
920.40392056951,-374.191041479014,67.9928000331951,40.0076139376107,NaN,NaN,not_evaluated,0,0,993.560422180188
922.18988975611,254.924444035938,90.5151664013838,50.0608802340614,NaN,NaN,not_evaluated,0,0,956.776183302771
923.913872595518,-375.391241403661,67.4466628916275,40.0076139376107,NaN,NaN,not_evaluated,0,0,997.263971121502
923.913872595518,-307.138288421177,77.8576876701057,47.4966064348993,NaN,NaN,not_evaluated,0,0,973.627635284012
923.913872595518,-238.885335438694,95.2207311069737,50.0608802340614,NaN,NaN,not_evaluated,0,0,954.297148409291
923.913872595518,-170.63238245621,128.018038386147,75.0203030179466,NaN,NaN,not_evaluated,0,0,939.538319557605
923.913872595518,-102.379429473726,207.337051139309,127.263897746367,NaN,NaN,not_evaluated,0,0,929.56892781214
923.913872595518,-34.1264764912419,612.827218676173,290.006301720989,NaN,NaN,not_evaluated,0,0,924.543920196414
923.913872595518,34.1264764912421,612.827218676169,290.006301720989,NaN,NaN,not_evaluated,0,0,924.543920196414
923.913872595518,102.379429473726,207.337051139308,127.263897746367,NaN,NaN,not_evaluated,0,0,929.56892781214
923.913872595518,170.63238245621,128.018038386146,75.0203030179466,NaN,NaN,not_evaluated,0,0,939.538319557605
923.913872595518,238.885335438694,95.2207311069737,50.0608802340614,NaN,NaN,not_evaluated,0,0,954.297148409291
923.913872595518,307.138288421178,77.8576876701057,47.4966064348993,NaN,NaN,not_evaluated,0,0,973.627635284012
923.913872595518,375.391241403662,67.4466628916274,40.0076139376107,NaN,NaN,not_evaluated,0,0,997.263971121502
929.84198539337,-238.148973689099,94.3630989208852,50.0608802340614,NaN,NaN,not_evaluated,0,0,959.854703311629
932.025001299973,264.919387152304,86.0829446419761,50.0608802340614,NaN,NaN,not_evaluated,0,0,968.944211364806
933.515463779254,-92.3650028004197,224.347381889643,127.263897746367,NaN,NaN,not_evaluated,0,0,938.073779005317
935.883646770854,160.386956317914,132.128971952983,75.0203030179466,NaN,NaN,not_evaluated,0,0,949.527343497825
943.087970252431,313.193288268489,74.0825461601623,47.4966064348993,NaN,NaN,not_evaluated,0,0,993.732839072594
948.05572979201,-36.1429950235413,548.164016936505,290.006301720989,NaN,NaN,not_evaluated,0,0,948.744424426691
949.465630795474,-210.736889277183,100.637902474423,50.0608802340614,NaN,NaN,not_evaluated,0,0,972.571344716711
950.275478390899,-307.138288421177,74.1650288283026,47.4966064348993,NaN,NaN,not_evaluated,0,0,998.677832459168
950.275478390899,-238.885335438694,90.3689799876259,50.0608802340614,NaN,NaN,not_evaluated,0,0,979.841664922812
950.275478390899,-170.63238245621,121.096036711121,75.0203030179466,NaN,NaN,not_evaluated,0,0,965.473404488044
950.275478390899,-102.379429473726,195.636686892095,127.263897746367,NaN,NaN,not_evaluated,0,0,955.774571962666
950.275478390899,-34.1264764912419,577.460056656892,297.496538823547,NaN,NaN,not_evaluated,0,0,950.88805925238
950.275478390899,34.1264764912421,577.460056656888,297.496538823547,NaN,NaN,not_evaluated,0,0,950.88805925238
950.275478390899,102.379429473726,195.636686892094,127.263897746367,NaN,NaN,not_evaluated,0,0,955.774571962666
950.275478390899,170.63238245621,121.096036711121,75.0203030179466,NaN,NaN,not_evaluated,0,0,965.473404488044
950.275478390899,238.885335438694,90.3689799876259,50.0608802340614,58.5733278963515,182.610276623986,pruned,20,0.0047579,979.841664922812
950.275478390899,307.138288421178,74.1650288283025,47.4966064348993,NaN,NaN,not_evaluated,0,0,998.677832459168
950.496179225556,170.585925517185,121.068586460109,75.0203030179466,NaN,NaN,not_evaluated,0,0,965.682424354371
950.754896742326,51.1766285338566,385.636630329084,200.038069688054,NaN,NaN,not_evaluated,0,0,952.131251975064
954.722703703743,173.13918842737,118.37520484091,75.0203030179466,NaN,NaN,not_evaluated,0,0,970.295119814932
962.016231243542,-168.898355605323,119.157283774984,75.0203030179466,NaN,NaN,not_evaluated,0,0,976.730200056397
974.822701480593,98.1772714766295,192.576900306214,125.042634837746,NaN,NaN,not_evaluated,0,0,979.754089532939
975.445998129147,-148.158384282038,130.345890816551,97.4965651736687,NaN,NaN,not_evaluated,0,0,986.633570328535
976.175483073515,-229.978705668257,88.4321047295646,50.0608802340614,62.9633220878268,195.340105337617,pruned,20,0.0050184,1002.90018387408
976.637084186279,-170.63238245621,114.331828271967,75.0203030179466,NaN,NaN,not_evaluated,0,0,991.430988092747
976.637084186279,-102.379429473726,184.183645648004,125.042634837746,NaN,NaN,not_evaluated,0,0,981.98856499821
976.637084186279,-34.1264764912419,542.807363910359,297.496538823547,NaN,NaN,not_evaluated,0,0,977.233140353716
976.637084186279,34.1264764912421,542.807363910355,297.496538823547,NaN,NaN,not_evaluated,0,0,977.233140353716
976.637084186279,102.379429473726,184.183645648004,125.042634837746,NaN,NaN,not_evaluated,0,0,981.98856499821
976.637084186279,170.63238245621,114.331828271967,75.0203030179466,NaN,NaN,not_evaluated,0,0,991.430988092747
980.061695060125,95.5284533315129,195.311974222289,125.042634837746,NaN,NaN,not_evaluated,0,0,984.706358017474
991.372514991881,-139.059132570096,133.250447637183,97.4965651736687,NaN,NaN,not_evaluated,0,0,1001.0778720122
1002.99868998166,-34.1264764912419,512.532314617718,297.496538823547,NaN,NaN,pair_pruned,0,0,1003.57908931117
1002.99868998166,34.1264764912421,512.532314617714,297.496538823547,NaN,NaN,not_evaluated,0,0,1003.57908931117
