Trial,Algorithm,Error,N,Cleared,Total_s,Average_s,Runtime_s,Complete,Move_s,Switch_s,Measure_s,OpticalLaser_s,FinalCheck_s,AnchorRadius_m
1,base,,14,14,4350.64376843337,310.760269173812,0.409076416666667,1,3253.64376843337,156,850,91,0,NaN
1,optimized,,14,14,4350.64376843337,310.760269173812,0.308562083333333,1,3253.64376843337,156,850,91,0,1500
2,base,,10,10,3678.76046617911,367.876046617911,0.348594541666667,1,2502.76046617911,177,940,59,397.134653341634,NaN
2,optimized,,10,10,3678.76046617911,367.876046617911,0.262224125,1,2502.76046617911,177,940,59,397.134653341634,1500
3,base,,12,12,3950.48627834761,329.207189862301,0.211540166666667,1,2807.48627834761,166,905,72,504.658198656057,NaN
3,optimized,,12,12,3950.48627834761,329.207189862301,0.223064375,1,2807.48627834761,166,905,72,504.658198656057,1500
4,base,,15,15,4028.55991651967,268.570661101311,0.235108916666667,1,2599.55991651967,211,1125,93,167.57069017708,NaN
4,optimized,,15,15,4028.55991651967,268.570661101311,0.250549041666667,1,2599.55991651967,211,1125,93,167.57069017708,1500
5,base,,15,15,4742.14522303655,316.143014869103,0.190521,1,3552.14522303655,170,930,90,0,NaN
5,optimized,,15,15,4742.14522303655,316.143014869103,0.257098833333333,1,3552.14522303655,170,930,90,0,1500
6,base,,13,13,4180.82172564959,321.601671203814,0.281495625,1,3099.82172564958,156,845,80,0,NaN
6,optimized,,13,13,4180.82172564959,321.601671203814,0.232561625,1,3099.82172564958,156,845,80,0,1500
7,base,,15,15,4467.38939286676,297.825959524451,0.181298291666667,1,3274.38939286676,171,935,87,0,NaN
7,optimized,,15,15,4467.38939286676,297.825959524451,0.18885425,1,3274.38939286676,171,935,87,0,1500
8,base,,12,12,4004.98981553482,333.749151294568,0.154161291666667,1,2817.98981553482,175,940,72,0,NaN
8,optimized,,12,12,4004.98981553482,333.749151294568,0.167121708333333,1,2817.98981553482,175,940,72,0,1500
9,base,,15,15,4307.85261540076,287.190174360051,0.157775916666667,1,2996.85261540076,192,1035,84,184.89462364546,NaN
9,optimized,,15,15,4307.85261540076,287.190174360051,0.151301333333333,1,2996.85261540076,192,1035,84,184.89462364546,1500
10,base,,16,16,4379.26606489949,273.704129056218,0.154980416666667,1,3084.26606489949,187,1010,98,0,NaN
10,optimized,,16,16,4586.96758309299,286.685473943312,0.149811666666667,1,3209.96758309299,199,1080,98,0,1500
11,base,,12,12,3712.4820959099,309.373507992492,0.133407708333333,1,2498.4820959099,179,960,75,249.111227990218,NaN
11,optimized,,12,12,3712.4820959099,309.373507992492,0.185852583333333,1,2498.4820959099,179,960,75,249.111227990218,1500
12,base,,13,13,4420.74813074837,340.057548519105,0.153694375,1,3108.74813074837,191,1035,86,0,NaN
12,optimized,,13,13,4420.74813074837,340.057548519105,0.1577875,1,3108.74813074837,191,1035,86,0,1500
13,base,,14,14,4001.04368886031,285.788834918594,0.174478166666667,1,2693.04368886031,193,1030,85,36,NaN
13,optimized,,14,14,4001.04368886031,285.788834918594,0.161703083333333,1,2693.04368886031,193,1030,85,36,1500
14,base,,14,14,4134.93761003873,295.352686431338,0.141058083333333,1,2768.93761003873,202,1085,79,0,NaN
14,optimized,,14,14,4134.93761003873,295.352686431338,0.157441333333333,1,2768.93761003873,202,1085,79,0,1500
15,base,,10,10,3713.47526207846,371.347526207846,0.144555083333333,1,2504.47526207846,179,965,65,0,NaN
15,optimized,,10,10,3713.47526207846,371.347526207846,0.161334625,1,2504.47526207846,179,965,65,0,1500
16,base,,16,16,4522.20499236241,282.637812022651,0.140439291666667,1,3570.20499236241,125,720,107,0,NaN
16,optimized,,16,16,4721.87600418216,295.117250261385,0.149151916666667,1,3721.87600418216,133,760,107,0,1500
17,base,,12,12,4095.42452480353,341.285377066961,0.149868833333333,1,2794.42452480353,194,1035,72,0,NaN
17,optimized,,12,12,4095.42452480353,341.285377066961,0.149908875,1,2794.42452480353,194,1035,72,0,1500
18,base,,15,15,4365.84896667519,291.056597778346,0.147899166666667,1,3268.84896667519,155,855,87,138.414319423508,NaN
18,optimized,,15,15,4365.84896667519,291.056597778346,0.167225583333333,1,3268.84896667519,155,855,87,138.414319423508,1500
19,base,,15,15,4423.25981071363,294.883987380909,0.140141333333333,1,3159.25981071363,178,990,96,301.401364854809,NaN
19,optimized,,15,15,4423.25981071363,294.883987380909,0.14776525,1,3159.25981071363,178,990,96,301.401364854809,1500
20,base,,10,10,3924.11145128815,392.411145128815,0.13119375,1,2841.11145128815,162,865,56,0,NaN
20,optimized,,10,10,3924.11145128815,392.411145128815,0.13981975,1,2841.11145128815,162,865,56,0,1500
21,base,,11,11,3941.15637222875,358.286942929886,0.135099791666667,1,2691.15637222875,181,990,79,519.860739937731,NaN
21,optimized,,11,11,3941.15637222875,358.286942929886,0.176942208333333,1,2691.15637222875,181,990,79,519.860739937731,1500
22,base,,14,14,4012.1503417928,286.582167270914,0.230943083333333,1,2912.1503417928,158,860,82,234.696852202695,NaN
22,optimized,,14,14,4207.480420416,300.534315744,0.177542083333333,1,3061.480420416,164,900,82,234.696852202695,1500
23,base,,16,16,3817.45520748498,238.590950467812,0.168092791666667,1,2937.45520748498,123,665,92,0,NaN
23,optimized,,16,16,3817.45520748498,238.590950467812,0.148376791666667,1,2937.45520748498,123,665,92,0,1500
24,base,,12,12,3918.67430118445,326.55619176537,0.144159541666667,1,2733.67430118445,177,945,63,155.952664802573,NaN
24,optimized,,12,12,3810.72163638187,317.560136365156,0.157300875,1,2672.72163638187,170,905,63,48,1500
25,base,,12,12,4391.43921668964,365.95326805747,0.131063083333333,1,3278.43921668964,163,875,75,0,NaN
25,optimized,,12,12,4391.43921668964,365.95326805747,0.13995525,1,3278.43921668964,163,875,75,0,1500
26,base,,15,15,4498.98330762031,299.93222050802,0.134437458333333,1,3225.98330762031,182,995,96,0,NaN
26,optimized,,15,15,4498.98330762031,299.93222050802,0.142812458333333,1,3225.98330762031,182,995,96,0,1500
27,base,,14,14,4264.80637558898,304.629026827784,0.132442,1,3155.80637558898,156,865,88,242.767624649008,NaN
27,optimized,,14,14,4264.80637558898,304.629026827784,0.145458083333333,1,3155.80637558898,156,865,88,242.767624649008,1500
28,base,,15,15,3980.58879628954,265.372586419303,0.151592583333333,1,2984.58879628954,139,770,87,0,NaN
28,optimized,,15,15,3980.58879628954,265.372586419303,0.152882291666667,1,2984.58879628954,139,770,87,0,1500
29,base,,14,14,4308.72214070601,307.765867193286,0.129934083333333,1,3084.72214070601,176,960,88,139.131885939548,NaN
29,optimized,,14,14,4308.72214070601,307.765867193286,0.142915916666667,1,3084.72214070601,176,960,88,139.131885939548,1500
30,base,,11,11,4210.28459134851,382.753144668046,0.134334625,1,3041.28459134851,175,930,64,0,NaN
30,optimized,,11,11,4210.28459134851,382.753144668046,0.142921333333333,1,3041.28459134851,175,930,64,0,1500
31,base,,10,10,3865.12382028242,386.512382028242,0.133377791666667,1,2511.12382028242,200,1080,74,0,NaN
31,optimized,,10,10,3865.12382028242,386.512382028242,0.168382875,1,2511.12382028242,200,1080,74,0,1500
32,base,,12,12,4169.0888414692,347.424070122433,0.136344583333333,1,3017.0888414692,170,910,72,0,NaN
32,optimized,,12,12,4169.0888414692,347.424070122433,0.145142125,1,3017.0888414692,170,910,72,0,1500
33,base,,10,10,3928.74666328854,392.874666328854,0.126496416666667,1,3138.74666328854,116,615,59,0,NaN
33,optimized,,10,10,3928.74666328854,392.874666328854,0.146460833333333,1,3138.74666328854,116,615,59,0,1500
34,base,,14,14,4135.50407375409,295.393148125292,0.142459041666667,1,2770.50407375409,198,1070,97,0,NaN
34,optimized,,14,14,4135.50407375409,295.393148125292,0.145191208333333,1,2770.50407375409,198,1070,97,0,1500
35,base,,14,14,4008.39300354574,286.313785967553,0.142090458333333,1,2910.39300354574,159,860,79,36,NaN
35,optimized,,14,14,4008.39300354574,286.313785967553,0.152912833333333,1,2910.39300354574,159,860,79,36,1500
36,base,,10,10,3911.61927560528,391.161927560528,0.139094083333333,1,2900.61927560528,151,810,50,0,NaN
36,optimized,,10,10,3911.61927560528,391.161927560528,0.146063375,1,2900.61927560528,151,810,50,0,1500
37,base,,11,11,4059.0871139782,369.007919452563,0.134917083333333,1,2994.0871139782,152,840,73,392.112349794007,NaN
37,optimized,,11,11,4059.0871139782,369.007919452563,0.137795416666667,1,2994.0871139782,152,840,73,392.112349794007,1500
38,base,,10,10,3763.68033846341,376.368033846341,0.141152541666667,1,2376.68033846341,211,1120,56,326.768705494346,NaN
38,optimized,,10,10,3763.68033846341,376.368033846341,0.150942541666667,1,2376.68033846341,211,1120,56,326.768705494346,1500
39,base,,12,12,4007.62811453106,333.969009544255,0.130311625,1,2835.62811453106,176,930,66,0,NaN
39,optimized,,12,12,4007.62811453106,333.969009544255,0.138407,1,2835.62811453106,176,930,66,0,1500
40,base,,10,10,4230.18015762367,423.018015762367,0.130214083333333,1,3052.18015762367,171,930,77,0,NaN
40,optimized,,10,10,4230.18015762367,423.018015762367,0.134640291666667,1,3052.18015762367,171,930,77,0,1500
41,base,,12,12,3971.33139433964,330.944282861637,0.130178416666667,1,2865.33139433964,157,865,84,0,NaN
41,optimized,,12,12,3971.33139433964,330.944282861637,0.137174375,1,2865.33139433964,157,865,84,0,1500
42,base,,15,15,4381.43280231258,292.095520154172,0.1352985,1,3382.43280231258,139,770,90,0,NaN
42,optimized,,15,15,4381.43280231258,292.095520154172,0.148000625,1,3382.43280231258,139,770,90,0,1500
43,base,,14,14,4223.24915228268,301.660653734477,0.131206916666667,1,3060.24915228268,172,915,76,0,NaN
43,optimized,,14,14,4223.24915228268,301.660653734477,0.139710541666667,1,3060.24915228268,172,915,76,0,1500
44,base,,13,13,3909.29324030911,300.714864639163,0.135655833333333,1,2693.29324030911,174,950,92,42,NaN
44,optimized,,13,13,3909.29324030911,300.714864639163,0.139801041666667,1,2693.29324030911,174,950,92,42,1500
45,base,,10,10,3744.50133357439,374.450133357439,0.130885208333333,1,2675.50133357439,157,850,62,0,NaN
45,optimized,,10,10,3744.50133357439,374.450133357439,0.143409375,1,2675.50133357439,157,850,62,0,1500
46,base,,16,16,4626.58001716812,289.161251073008,0.150270875,1,3485.58001716812,159,875,107,0,NaN
46,optimized,,16,16,4626.58001716812,289.161251073008,0.156845083333333,1,3485.58001716812,159,875,107,0,1500
47,base,,12,12,3941.20376331621,328.433646943018,0.137231666666667,1,2755.20376331621,177,940,69,0,NaN
47,optimized,,12,12,3941.20376331621,328.433646943018,0.139353708333333,1,2755.20376331621,177,940,69,0,1500
48,base,,14,14,4067.85102574942,290.56078755353,0.130728833333333,1,2854.85102574942,175,950,88,36,NaN
48,optimized,,14,14,4067.85102574942,290.56078755353,0.13757675,1,2854.85102574942,175,950,88,36,1500
49,base,,10,10,3848.5116950936,384.85116950936,0.136178416666667,1,2638.5116950936,176,960,74,377.51646706603,NaN
49,optimized,,10,10,3848.5116950936,384.85116950936,0.139556333333333,1,2638.5116950936,176,960,74,377.51646706603,1500
50,base,,16,16,4374.00485640578,273.375303525362,0.135220833333333,1,3336.00485640579,142,795,101,0,NaN
50,optimized,,16,16,4404.00485640578,275.250303525362,0.137532666666667,1,3336.00485640579,147,820,101,0,1500
51,base,,16,16,4075.12465846824,254.695291154265,0.133904958333333,1,2928.12465846824,165,890,92,0,NaN
51,optimized,,16,16,4298.29309347249,268.643318342031,0.146015458333333,1,3074.29309347249,177,955,92,0,1500
52,base,,12,12,3941.57065903862,328.464221586552,0.139281833333333,1,2714.57065903862,179,970,78,0,NaN
52,optimized,,12,12,3842.62467357295,320.218722797746,0.143764333333333,1,2663.62467357295,171,930,78,0,1500
53,base,,14,14,4259.2405620295,304.231468716393,0.139092291666667,1,3173.2405620295,156,845,85,0,NaN
53,optimized,,14,14,4259.2405620295,304.231468716393,0.141245083333333,1,3173.2405620295,156,845,85,0,1500
54,base,,15,15,4417.90377213273,294.526918142182,0.142411125,1,3111.90377213273,187,1020,99,30,NaN
54,optimized,,15,15,4417.90377213273,294.526918142182,0.14735625,1,3111.90377213273,187,1020,99,30,1500
55,base,,10,10,3795.67188082821,379.567188082821,0.137531291666667,1,2445.6718808282,204,1090,56,60,NaN
55,optimized,,10,10,3735.67188082821,373.567188082821,0.135766166666667,1,2445.6718808282,194,1040,56,0,1500
56,base,,15,15,4359.95845482405,290.66389698827,0.144352041666667,1,3085.95845482405,187,1000,87,0,NaN
56,optimized,,15,15,4359.95845482405,290.66389698827,0.149032875,1,3085.95845482405,187,1000,87,0,1500
57,base,,12,12,4170.5118936999,347.542657808325,0.144626791666667,1,2839.5118936999,200,1065,66,0,NaN
57,optimized,,12,12,4170.5118936999,347.542657808325,0.143616583333333,1,2839.5118936999,200,1065,66,0,1500
58,base,,15,15,4040.11669649136,269.341113099424,0.130886166666667,1,2849.11669649136,171,930,90,215.893321232424,NaN
58,optimized,,15,15,4040.11669649136,269.341113099424,0.135560208333333,1,2849.11669649136,171,930,90,215.893321232424,1500
59,base,,11,11,3749.21524088351,340.837749171229,0.126889666666667,1,2537.21524088352,181,970,61,289.207067353056,NaN
59,optimized,,11,11,3749.21524088351,340.837749171229,0.137879666666667,1,2537.21524088352,181,970,61,289.207067353056,1500
60,base,,12,12,4074.7282698879,339.560689157325,0.129323875,1,2828.7282698879,185,995,66,155.428262721194,NaN
60,optimized,,12,12,3919.3000071667,326.608333930559,0.140552916666667,1,2768.3000071667,170,915,66,0,1500
61,base,,10,10,3695.20249137385,369.520249137385,0.13178825,1,2593.20249137385,166,880,56,369.581036791282,NaN
61,optimized,,10,10,3695.20249137385,369.520249137385,0.139341166666667,1,2593.20249137385,166,880,56,369.581036791282,1500
62,base,,14,14,4359.82989367271,311.416420976622,0.133015958333333,1,3121.82989367271,181,975,82,0,NaN
62,optimized,,14,14,4359.82989367271,311.416420976622,0.136651375,1,3121.82989367271,181,975,82,0,1500
63,base,,14,14,4072.46392032802,290.89028002343,0.14082325,1,2889.46392032802,174,930,79,0,NaN
63,optimized,,14,14,4072.46392032802,290.89028002343,0.156655,1,2889.46392032802,174,930,79,0,1500
64,base,,16,16,4646.79783396042,290.424864622526,0.220971958333333,1,3334.79783396042,191,1035,86,0,NaN
64,optimized,,16,16,4646.79783396042,290.424864622526,0.142807,1,3334.79783396042,191,1035,86,0,1500
65,base,,11,11,4051.97223998641,368.361112726037,0.139958916666667,1,2733.9722399864,200,1060,58,0,NaN
65,optimized,,11,11,4051.97223998641,368.361112726037,0.144253541666667,1,2733.9722399864,200,1060,58,0,1500
66,base,,10,10,4060.3050311462,406.03050311462,0.141579041666667,1,2900.3050311462,174,930,56,0,NaN
66,optimized,,10,10,4060.3050311462,406.03050311462,0.156028916666667,1,2900.3050311462,174,930,56,0,1500
67,base,,13,13,4405.41709547972,338.878238113824,0.135580375,1,3234.41709547972,169,925,77,0,NaN
67,optimized,,13,13,4405.41709547972,338.878238113824,0.141837916666667,1,3234.41709547972,169,925,77,0,1500
68,base,,11,11,3810.06579061008,346.369617328189,0.133798083333333,1,2470.06579061008,204,1075,61,553.565742018932,NaN
68,optimized,,11,11,3810.06579061008,346.369617328189,0.138111375,1,2470.06579061008,204,1075,61,553.565742018932,1500
69,base,,16,16,3945.80889968469,246.613056230293,0.129229041666667,1,2791.80889968469,159,885,110,0,NaN
69,optimized,,16,16,3945.80889968469,246.613056230293,0.159233416666667,1,2791.80889968469,159,885,110,0,1500
70,base,,11,11,3979.04766983901,361.731606349001,0.142814125,1,2785.04766983901,174,950,70,259.302233788044,NaN
70,optimized,,11,11,3979.04766983901,361.731606349001,0.138295458333333,1,2785.04766983901,174,950,70,259.302233788044,1500
71,base,,13,13,3794.81201066357,291.90861620489,0.126014958333333,1,2936.81201066357,124,660,74,0,NaN
71,optimized,,13,13,3794.81201066357,291.90861620489,0.131957958333333,1,2936.81201066357,124,660,74,0,1500
72,base,,11,11,3875.80492289067,352.34590208097,0.132450625,1,2606.80492289067,185,1005,79,0,NaN
72,optimized,,11,11,3875.80492289067,352.34590208097,0.145259125,1,2606.80492289067,185,1005,79,0,1500
73,base,,16,16,4066.5250295657,254.157814347856,0.137026125,1,2815.5250295657,182,980,89,0,NaN
73,optimized,,16,16,4066.5250295657,254.157814347856,0.136133958333333,1,2815.5250295657,182,980,89,0,1500
74,base,,15,15,4232.21000367001,282.147333578001,0.135853333333333,1,3105.21000367001,159,875,93,453.345272539248,NaN
74,optimized,,15,15,4232.21000367001,282.147333578001,0.14842325,1,3105.21000367001,159,875,93,453.345272539248,1500
75,base,,11,11,3789.51144603821,344.501040548928,0.13161225,1,2420.51144603821,207,1095,67,54,NaN
75,optimized,,11,11,3789.51144603821,344.501040548928,0.137874833333333,1,2420.51144603821,207,1095,67,54,1500
76,base,,10,10,3852.17326850661,385.217326850661,0.132440333333333,1,2669.17326850661,179,945,59,507.024542740637,NaN
76,optimized,,10,10,3852.17326850661,385.217326850661,0.137829666666667,1,2669.17326850661,179,945,59,507.024542740637,1500
77,base,,14,14,4240.9012067661,302.921514769007,0.132214541666667,1,2839.9012067661,203,1110,88,0,NaN
77,optimized,,14,14,4240.9012067661,302.921514769007,0.147160375,1,2839.9012067661,203,1110,88,0,1500
78,base,,11,11,4014.67648388152,364.970589443774,0.134854875,1,2560.67648388152,219,1165,70,251.652239733611,NaN
78,optimized,,11,11,4014.67648388152,364.970589443774,0.138620416666667,1,2560.67648388152,219,1165,70,251.652239733611,1500
79,base,,14,14,4316.12505191495,308.294646565353,0.145537375,1,2927.12505191494,206,1095,88,0,NaN
79,optimized,,14,14,4316.12505191495,308.294646565353,0.138444125,1,2927.12505191494,206,1095,88,0,1500
80,base,,15,15,4307.91823635034,287.194549090022,0.129200583333333,1,3012.91823635034,189,1010,96,0,NaN
80,optimized,,15,15,4307.91823635034,287.194549090022,0.136596125,1,3012.91823635034,189,1010,96,0,1500
