Trial,Channel,Discovery_s,Clear_s,ClearInterval_s,DiscoveryToClear_s
1,10,484,691.38484510712,691.38484510712,207.38484510712
1,12,496,838.177060393117,146.792215285997,342.177060393117
1,19,538,929.300987692088,91.1239272989708,391.300987692088
1,4,448,1136.46690593563,207.165918243544,688.466905935632
1,6,1441.56609135275,1596.56553037876,460.09862444313,154.999439026016
1,9,1459.56609135275,1771.50322123973,174.93769086097,311.937129886986
1,8,1807.50322123973,2005.22760947314,233.724388233406,197.724388233406
1,13,1819.50322123973,2129.57543241132,124.347822938183,310.072211171589
1,1,2643.77308177137,2783.87359738373,654.298164972414,140.100515612365
1,2,2649.77308177137,2856.10671715126,72.2331197675226,206.333635379888
1,17,3234.81084446088,3362.69666651154,506.589949360283,127.885822050662
1,7,3204.81084446088,3514.05653673239,151.359870220854,309.245692271516
1,16,3895.24325345982,4037.73961618563,523.683079453236,142.496362725807
1,5,3871.24325345982,4337.0056008759,299.265984690266,465.762347416073
2,20,424,633.283753405523,633.283753405523,209.283753405523
2,6,460,744.977984431559,111.694231026036,284.977984431559
2,5,454,893.503447778358,148.525463346799,439.503447778358
2,12,953.503447778358,1068.06940438798,174.565956609618,114.565956609618
2,14,965.503447778358,1213.53475689598,145.465352508,248.031309117618
2,1,1380.15752315324,1671.31846341128,457.783706515304,291.160940258039
2,17,1743.31846341128,1851.37017026296,180.051706851678,108.051706851678
2,19,2038.81385397635,2277.97657013396,426.606399871002,239.162716157607
2,13,2994.05746521261,3151.86959155935,873.893021425388,157.812126346742
2,3,2952.05746521261,3298.33733934131,146.467747781965,346.279874128707
3,11,490,670.153491357183,670.153491357183,180.153491357183
3,10,484,803.536934519954,133.383443162772,319.536934519954
3,16,520,1014.01525527364,210.478320753683,494.015255273637
3,18,1442.26850577588,1527.09591211658,513.080656842939,84.8274063406952
3,5,1382.26850577588,1610.06625633996,82.9703442233824,227.797750564078
3,7,1394.26850577588,1751.6436290644,141.577372724446,357.375123288524
3,2,1763.6436290644,2044.18243560023,292.538806535829,280.538806535829
3,15,2677.24547834606,2767.16993176086,722.987496160629,89.9244534148038
3,3,2629.24547834606,2933.40525849573,166.235326734864,304.159780149668
3,13,2665.24547834606,3102.17811554406,168.772857048332,436.932637198
3,1,3108.17811554406,3299.51229819514,197.334182651076,191.334182651076
3,12,3138.17811554406,3446.62803012151,147.115731926373,308.44991457745
4,20,424,692.3937580874,692.3937580874,268.3937580874
4,19,806.3937580874,974.893548516029,282.499790428629,168.499790428629
4,1,980.893548516029,1170.38719578383,195.493647267801,189.493647267801
4,8,1022.89354851603,1277.80379631293,107.416600529095,254.910247796896
4,18,1082.89354851603,1420.38008715445,142.576290841524,337.486538638421
4,9,1462.38008715445,1579.62916000602,159.249072851573,117.249072851573
4,10,1923.74979432664,2074.42137670748,494.792216701457,150.671582380838
4,14,2134.42137670748,2299.88690091555,225.465524208073,165.465524208073
4,12,2347.88690091555,2581.03203821937,281.145137303814,233.145137303814
4,3,2593.03203821937,2904.72653080809,323.694492588718,311.694492588718
4,17,3204.62244156701,3336.4452191295,431.718688321414,131.822777562489
4,15,3252.62244156701,3432.70811302279,96.2628938932858,180.085671455775
4,2,3210.62244156701,3515.33093460074,82.6228215779588,304.708493033734
4,7,3234.62244156701,3694.01325558554,178.682320984791,459.390814018525
4,4,3700.01325558554,3851.43627301576,157.423017430224,151.423017430224
5,7,466,722.831701018032,722.831701018032,256.831701018032
5,12,984.368356325102,1230.07224490867,507.240543890639,245.70388858357
5,6,954.368356325102,1435.3195341269,205.247289218226,480.951177801795
5,11,978.368356325102,1725.41997896945,290.10044484255,747.051622644345
5,9,478,2131.21888208008,405.798903110629,1653.21888208008
5,1,2410.738253777,2648.63260768913,517.413725609053,237.89435391213
5,16,3009.69709656672,3108.59460948274,459.962001793609,98.8975129160199
5,14,2997.69709656672,3208.72500414124,100.130394658498,211.027907574518
5,2,2955.69709656672,3306.45928428739,97.7342801461541,350.762187720672
5,19,3027.69709656672,3395.98825887934,89.5289745919486,368.291162312621
5,4,3407.98825887934,3642.07076066501,246.082501785669,234.082501785669
5,13,3884.82777138406,4087.70426537512,445.633504710115,202.876493991063
5,20,4345.97597933734,4466.91108106405,379.206815688927,120.93510172671
5,5,4357.97597933734,4598.2662471166,131.355166052548,240.290267779258
5,17,4381.97597933734,4757.8980631395,159.631816022902,375.92208380216
6,10,484,719.46803897014,719.46803897014,235.46803897014
6,15,514,898.531307404613,179.063268434473,384.531307404613
6,13,1684.57352817926,1826.81775407638,928.286446671764,142.244225897118
6,20,1714.57352817926,1937.92493931401,111.107185237628,223.351411134746
6,16,1696.57352817926,2050.13180727509,112.206867961086,353.558279095832
6,1,1618.57352817926,2242.35437110997,192.222563834877,623.780842930709
6,11,1672.57352817926,2418.9951374426,176.640766332636,746.421609263345
6,9,2715.66864443839,2852.90349370586,433.908356263257,137.234849267475
6,17,2733.66864443839,2974.48259653214,121.579102826279,240.813952093754
6,7,2703.66864443839,3108.06714160368,133.58454507154,404.398497165294
6,8,3440.5451126166,3535.1808370306,427.113695426922,94.6357244139986
6,6,3895.58286220086,4007.29023286371,472.109395833106,111.707370662849
6,5,3889.58286220086,4173.50724692349,166.217014059779,283.924384722628
7,8,472,626.766170813542,626.766170813542,154.766170813542
7,1,430,768.009406093771,141.243235280229,338.009406093771
7,2,436,925.603450543898,157.594044450127,489.603450543898
7,19,1021.6034505439,1133.60777391031,208.004323366415,112.004323366415
7,9,961.603450543898,1243.29588332499,109.688109414675,281.69243278109
7,11,1285.29588332499,1533.27334243182,289.977459106829,247.977459106829
7,10,1569.27334243182,2026.48781956474,493.214477132927,457.214477132927
7,15,1593.27334243182,2194.63962355777,168.151803993022,601.366281125949
7,18,1611.27334243182,2375.38999928922,180.750375731458,764.116656857407
7,6,2399.38999928922,2607.9524898855,232.562490596273,208.562490596273
7,14,2423.38999928922,2775.40267105475,167.45018116925,352.012671765523
7,16,2817.40267105475,3117.5897168376,342.18704578285,300.18704578285
7,3,3394.04469524664,3506.31971085482,388.729994017222,112.275015608175
7,12,3865.02594672925,3964.3849606234,458.065249768583,99.3590138941522
7,4,4332.5306013143,4501.99039759409,537.605436970693,169.459796279799
8,6,460,622.67346695821,622.67346695821,162.67346695821
8,19,538,721.300357718697,98.626890760486,183.300357718697
8,18,532,899.313700266679,178.013342547982,367.313700266679
8,14,1253.10072682926,1452.85591612969,553.542215863012,199.755189300427
8,15,1530.85591612969,1643.74778623955,190.891870109863,112.891870109863
8,3,1470.85591612969,1723.5921643131,79.8443780735506,252.736248183414
8,7,2724.01000640541,2943.53653961335,1219.94437530024,219.526533207933
8,17,2772.01000640541,3142.80973638907,199.273196775723,370.799729983657
8,13,3574.22573405322,3693.7077485651,550.89801217603,119.482014511875
8,5,3538.22573405322,3804.82981290917,111.122064344072,266.604078855948
8,10,3556.22573405322,3874.56239826769,69.732585358518,318.336664214466
8,20,3514.22573405322,3983.29704034767,108.734642079982,469.071306294447
9,19,538,664.663323596471,664.663323596471,126.663323596471
9,14,748.663323596471,974.978011138006,310.314687541536,226.314687541536
9,1,670.663323596471,1165.13692349618,190.158912358175,494.473599899711
9,2,1390.3258882509,1612.65073400186,447.513810505674,222.32484575096
9,16,1468.3258882509,1783.6747676636,171.024033661747,315.348879412707
9,17,1861.6747676636,1922.27715069944,138.60238303584,60.6023830358404
9,6,2562.91390842303,2703.01072934458,780.733578645133,140.09682092155
9,7,2568.91390842303,2790.30843473063,87.2977053860564,221.394526307606
9,20,2616.91390842303,2916.1719941878,125.863559457171,299.258085764777
9,15,2610.91390842303,3067.61279474509,151.44080055729,456.698886322067
9,4,2550.91390842303,3215.57612829286,147.963333547768,664.662219869835
9,11,3540.11587582233,3719.52833957722,503.952211284358,179.412463754889
9,10,3534.11587582233,3888.04602024855,168.517680671331,353.930144426221
9,8,3906.04602024855,4035.31432593158,147.268305683026,129.268305683026
9,5,3900.04602024855,4131.24140549828,95.9270795667094,231.195385249735
10,4,448,684.075792387917,684.075792387917,236.075792387917
10,18,786.075792387917,1011.77334614936,327.697553761443,225.697553761443
10,12,1077.77334614936,1242.54640307196,230.773056922599,164.773056922599
10,11,1071.77334614936,1352.86420309561,110.317800023654,281.090856946253
10,15,1424.86420309561,1540.92937282112,188.065169725509,116.065169725509
10,9,1400.86420309561,1615.86483076393,74.9354579428041,215.000627668313
10,16,1951.77954256812,2102.83157784164,486.96674707771,151.052035273519
10,2,1897.77954256812,2229.62891073248,126.797332890842,331.849368164361
10,14,1945.77954256812,2401.74586487538,172.116954142898,455.966322307259
10,19,1963.77954256812,2595.90307105992,194.157206184544,632.123528491802
10,10,2637.90307105992,2876.37666394284,280.473592882917,238.473592882917
10,13,3391.85797454658,3581.07488438702,704.698220444181,189.216909840436
10,7,3379.85797454658,3867.19797644618,286.12309205916,487.340001899595
10,6,3891.19797644618,4084.91440499896,217.716428552783,193.716428552783
10,8,4108.91440499896,4320.54105421982,235.626649220857,211.626649220857
10,5,4338.54105421982,4400.57524330673,80.0341890869086,62.0341890869086
11,15,514,617.010643850302,617.010643850302,103.010643850302
11,3,966.855674259361,1157.00189997446,539.991256124161,190.146225715102
11,1,954.855674259361,1272.20363781807,115.201737843602,317.347963558704
11,10,1008.85567425936,1365.59474666898,93.391108850913,356.739072409617
11,4,972.855674259361,1472.02945489626,106.434708227283,499.1737806369
11,12,1851.51783960179,2080.9627551206,608.933300224344,229.44491551881
11,18,2429.12003565187,2512.75105825335,431.788303132743,83.6310226014803
11,2,2363.12003565187,2616.75430960714,104.003251353797,253.634273955277
11,20,2357.12003565187,2756.73406003237,139.979750425227,399.614024380504
11,17,2816.73406003237,2861.91952296597,105.185462933594,45.1854629335944
11,8,3110.70915269598,3242.28473246617,380.365209500203,131.575579770191
11,16,3290.28473246617,3470.76727745629,228.482544990119,180.482544990119
12,8,472,661.462728864118,661.462728864118,189.462728864118
12,4,1066.65900692507,1227.65906134288,566.196332478762,161.000054417806
12,15,1126.65900692507,1327.27605901901,99.6169976761278,200.617052093934
12,2,1054.65900692507,1545.82337436941,218.5473153504,491.164367444334
12,18,1892.41291232766,1987.28132109623,441.457946726818,94.8684087685658
12,16,2456.56846427935,2585.6828411321,598.401520035871,129.114376852744
12,12,2438.56846427935,2799.87567548958,214.192834357485,361.307211210229
12,6,2408.56846427935,2961.70441850927,161.828743019686,553.135954229915
12,13,3009.70441850927,3240.79667854312,279.092260033857,231.092260033857
12,11,3778.4751774172,3954.49109467052,713.694416127398,176.01591725332
12,20,3796.4751774172,4150.72850535393,196.237410683412,354.253327936732
12,10,3772.4751774172,4225.54006505715,74.8115597032156,453.064887639948
12,9,3766.4751774172,4432.98357555847,207.44351050132,666.508398141268
13,17,526,616.906935457689,616.906935457689,90.9069354576886
13,8,472,700.597323134499,83.6903876768107,228.597323134499
13,3,1153.99072145757,1332.30680210933,631.709478974831,178.316080651759
13,11,1195.99072145757,1470.86636578276,138.559563673434,274.875644325193
13,7,1177.99072145757,1611.9715574122,141.105191629434,433.980835954627
13,6,1966.19507235976,2136.02896346446,524.057406052262,169.833891104704
13,19,2562.48032934127,2644.29617949404,508.267216029585,81.8158501527737
13,16,2550.48032934127,2852.31782013964,208.021640645595,301.837490798369
13,2,2864.31782013964,3052.11143751224,199.793617372603,187.793617372603
13,20,2924.31782013964,3186.99861804176,134.887180529523,262.680797902126
13,13,3228.99861804176,3488.59491225488,301.59629421311,259.59629421311
13,10,3216.99861804176,3539.77332278266,51.1784105277875,322.774704740898
13,9,3563.77332278266,3757.9334319602,218.160109177533,194.160109177533
13,5,3775.9334319602,3965.21683082983,207.28339886963,189.28339886963
14,13,502,619.322566320526,619.322566320526,117.322566320526
14,12,496,730.1555702609,110.833003940375,234.1555702609
14,11,1156.02870531335,1302.20767004209,572.052099781187,146.178964728734
14,4,2103.22704229889,2275.29963245032,973.091962408236,172.072590151436
14,9,2133.22704229889,2364.89167280022,89.5920403498999,231.664630501336
14,20,2175.22704229889,2436.83719256153,71.9455197613102,261.610150262646
14,8,2127.22704229889,2536.20966998154,99.3724774200032,408.982627682649
14,16,2596.20966998154,2815.27996239938,279.070292417846,219.070292417846
14,2,2827.27996239938,3068.09720590315,252.817243503764,240.817243503764
14,5,3086.09720590315,3390.25798852581,322.160782622659,304.160782622659
14,18,3395.25798852581,3656.53085814138,266.27286961557,261.27286961557
14,17,3443.25798852581,3841.24386149365,184.713003352274,397.985872967844
14,1,3847.24386149365,3933.90916854513,92.6653070514849,86.6653070514849
14,15,4088.55071138524,4269.97504962067,336.065881075537,181.424338235429
15,7,466,619.619504465593,619.619504465593,153.619504465593
15,20,424,696.379756720391,76.7602522547975,272.379756720391
15,19,538,856.770700296723,160.390943576332,318.770700296723
15,5,886.770700296723,1140.53372153432,283.763021237602,253.763021237602
15,2,1152.53372153432,1362.51041459985,221.976693065522,209.976693065522
15,16,1440.51041459985,1726.47513634535,363.964721745503,285.964721745503
15,6,2465.06226562638,2619.35815300471,892.883016659356,154.295887378322
15,1,2447.06226562638,2733.89518909368,114.537036088974,286.832923467296
15,12,2495.06226562638,2866.44063640764,132.545447313963,371.378370781258
15,3,3532.98457930274,3703.52009071839,837.079454310753,170.535511415651
16,13,502,732.078770309844,732.078770309844,230.078770309844
16,7,466,921.771141260124,189.692370950281,455.771141260124
16,11,490,1080.57496996503,158.803828704908,590.574969965032
16,20,424,1208.84884511816,128.27387515313,784.848845118162
16,17,526,1302.6064935179,93.7576483997418,776.606493517903
16,5,454,1461.11735859074,158.510865072835,1007.11735859074
16,15,1527.11735859074,1726.44306167126,265.325703080516,199.325703080516
16,16,1792.44306167126,1888.60572667979,162.162665008538,96.1626650085382
16,10,1774.44306167126,2013.00680772463,124.40108104484,238.563746053378
16,12,1780.44306167126,2172.20741689461,159.200609169974,391.764355223352
16,14,1786.44306167126,2370.99317098,198.785754085393,584.550109308745
16,18,2418.99317098,2476.12714896631,105.133977986306,57.1339779863065
16,9,2827.09076743258,2905.27518833285,429.148039366545,78.1844209002711
16,19,2785.09076743258,3122.37748149472,217.102293161864,337.286714062135
16,4,3695.87506628791,3885.99555341962,763.618071924908,190.120487131711
16,2,4344.34484223236,4525.15152381206,639.155970392433,180.806681579694
17,4,448,665.197942958939,665.197942958939,217.197942958939
17,18,532,787.893593575997,122.695650617057,255.893593575997
17,7,1178.85740875003,1400.44683618012,612.553242604119,221.589427430085
17,6,1430.44683618012,1722.11829798798,321.671461807864,291.671461807864
17,17,1490.44683618012,1909.44195877896,187.32366079098,418.995122598845
17,8,1939.44195877896,2294.81724906214,385.375290283177,355.375290283177
17,12,1963.44195877896,2318.15819578055,23.3409467184133,354.71623700159
17,5,2647.38313543674,2889.29615161578,571.137955835235,241.913016179044
17,20,2623.38313543674,3082.60855209361,193.31240047783,459.225416656874
17,3,3100.60855209361,3360.71273288052,278.104180786906,260.104180786906
17,2,3860.91107387606,3994.7458016455,634.03306876498,133.834727769439
17,16,3848.91107387606,4081.7158649254,86.9700632798981,232.804791049337
18,8,472,653.796679123147,653.796679123147,181.796679123147
18,9,478,761.731980810791,107.935301687644,283.731980810791
18,6,460,856.166088383369,94.434107572578,396.166088383369
18,5,454,972.382344200944,116.216255817575,518.382344200944
18,3,1767.44766072246,1918.97222571284,946.589881511897,151.52456499038
18,1,2273.02338969209,2519.88776068561,600.915534972768,246.864370993524
18,12,2309.02338969209,2664.57251741901,144.684756733404,355.549127726928
18,19,2351.02338969209,2889.22910739436,224.65658997535,538.205717702278
18,11,2303.02338969209,3023.60100232049,134.371894926122,720.5776126284
18,17,2339.02338969209,3205.35864273273,181.75764041224,866.33525304064
18,15,3247.35864273273,3400.95764842221,195.59900568948,153.59900568948
18,2,3406.95764842221,3700.78645057837,299.828802156168,293.828802156168
18,7,3717.78645057837,3965.08193595296,264.295485374583,247.295485374583
18,18,3705.78645057837,4169.97483963284,204.892903679884,464.188389054467
18,20,4205.97483963284,4244.0899212645,74.1150816316585,38.1150816316585
19,4,448,618.464826940264,618.464826940264,170.464826940264
19,12,496,783.552885925657,165.088058985394,287.552885925657
19,1,430,944.281790851274,160.728904925617,514.281790851274
19,16,520,1119.524898344,175.243107492725,599.524898343999
19,7,1149.524898344,1375.85371195676,256.328813612758,226.328813612758
19,15,1191.524898344,1532.69779004164,156.844078084878,341.172891697636
19,11,1580.69779004164,1961.53374151914,428.8359514775,380.8359514775
19,2,1967.53374151914,2147.95275190472,186.419010385583,180.419010385583
19,13,2189.95275190472,2409.09525810944,261.142506204726,219.142506204726
19,5,2953.77262770951,3085.98106674783,676.885808638384,132.208439038316
19,10,2977.77262770951,3251.22173886881,165.240672120984,273.449111159299
19,18,2995.77262770951,3411.91854660056,160.696807731748,416.145918891047
19,9,3435.91854660056,3654.14046216911,242.22191556855,218.22191556855
19,6,3423.91854660056,3840.66575051196,186.525288342852,416.747203911402
19,3,3846.66575051196,4097.54439021809,256.87863970613,250.87863970613
20,20,957,1127.72159286152,1127.72159286152,170.72159286152
20,12,915,1324.38716989853,196.66557703701,409.38716989853
20,4,1700.71207210577,1894.09031182865,569.70314193012,193.378239722878
20,9,1730.71207210577,1998.67232346772,104.582011639069,267.960251361948
20,17,2482.10184323165,2576.98154378577,578.309220318053,94.8797005541182
20,19,2666.98154378577,2886.2296478852,309.248104099432,219.248104099432
20,2,2898.2296478852,3012.66182153558,126.432173650373,114.432173650373
20,8,2928.2296478852,3099.95006965112,87.2882481155407,171.720421765914
20,1,3633.78364950067,3781.74762973231,681.797560081191,147.963980231641
20,13,3675.78364950067,3925.42943347647,143.681803744156,249.645783975797
21,12,496,679.096306727275,679.096306727275,183.096306727275
21,5,454,991.776263069408,312.679956342133,537.776263069408
21,16,1075.77626306941,1296.70632105752,304.930057988109,220.930057988109
21,14,1368.70632105752,1480.82167201078,184.115350953265,112.115350953265
21,4,1320.70632105752,1807.26424159352,326.44256958274,486.557920536005
21,19,2194.32681869995,2277.33257793483,470.068336341308,83.0057592348817
21,8,2146.32681869995,2359.67637881457,82.3438008797375,213.349560114619
21,13,2413.67637881457,2653.62868904482,293.952310230253,239.952310230253
21,18,2431.67637881457,2831.95011108602,178.321422041199,400.273732271452
21,9,3082.53195613446,3318.63697649027,486.686865404248,236.105020355808
21,11,3360.63697649027,3562.02918071386,243.392204223595,201.392204223595
22,7,466,642.443495935845,642.443495935845,176.443495935845
22,10,484,731.755710997156,89.3122150613108,247.755710997156
22,17,526,844.999475112405,113.243764115249,318.999475112405
22,2,436,990.082997298615,145.08352218621,554.082997298615
22,8,1705.22286017783,1912.73293171154,922.649934412922,207.510071533703
22,18,1753.22286017783,2078.76916967648,166.036237964944,325.546309498647
22,12,1723.22286017783,2338.92785073241,260.158681055933,615.70499055458
22,15,2398.92785073241,2598.06025914856,259.132408416142,199.132408416142
22,16,2404.92785073241,2776.18998136118,178.129722212628,371.262130628771
22,4,2794.18998136118,3034.70914103013,258.519159668944,240.519159668944
22,14,3082.70914103013,3181.41445738753,146.705316357405,98.7053163574051
22,3,3046.70914103013,3261.47750227025,80.0630448827128,214.768361240118
22,5,3504.85119731469,3642.08084043999,380.603338169748,137.229643125305
22,11,3522.85119731469,3807.2520809451,165.171240505111,284.400883630416
23,15,514,624.471116817202,624.471116817202,110.471116817202
23,12,496,722.879500948293,98.4083841310907,226.879500948293
23,14,508,870.333565850295,147.454064902002,362.333565850295
23,1,1246.40589958755,1423.01022622934,552.676660379047,176.60432664179
23,6,1276.40589958755,1521.11595402051,98.1057277911714,244.710054432961
23,10,1914.80804928362,2137.45605468918,616.340100668672,222.648005405567
23,8,1902.80804928362,2311.75421285848,174.298158169291,408.946163574858
23,11,1920.80804928362,2484.81247722483,173.058264366356,564.004427941213
23,19,1950.80804928362,2658.02484816823,173.212370943403,707.216798884616
23,3,1878.80804928362,2776.07633032414,118.051482155908,897.268281040524
23,9,1908.80804928362,2926.55391475056,150.477584426418,1017.74586546694
23,20,2980.55391475056,3199.43245901386,272.878544263296,218.878544263296
23,16,3235.43245901386,3287.60284077712,88.1703817632661,52.1703817632661
23,5,3217.43245901386,3520.57004365717,232.967202880048,303.137584643314
23,7,3223.43245901386,3550.97933421856,30.4092905613857,327.5468752047
23,17,3579.97933421856,3786.56732896038,235.587994741822,206.587994741822
24,2,436,688.730034844416,688.730034844416,252.730034844416
24,11,490,822.459833772846,133.72979892843,332.459833772846
24,7,466,960.379087640832,137.919253867986,494.379087640832
24,6,460,1149.53230077112,189.153213130292,689.532300771124
24,17,2284.05604358521,2421.78507836909,1272.25277759797,137.729034783884
24,8,2236.05604358521,2728.51616200503,306.731083635942,492.460118419826
24,5,2752.51616200503,2897.23142581407,168.715263809033,144.715263809033
24,13,3133.70255041517,3356.7039974458,459.472571631733,223.001447030632
24,10,3386.7039974458,3489.90516358029,133.201166134486,103.201166134486
24,3,3368.7039974458,3554.68747686961,64.7823132893213,185.983479423807
24,18,3416.7039974458,3638.03569269558,83.348215825969,221.331695249776
24,1,3362.7039974458,3754.52654889629,116.490856200712,391.822551450488
25,10,484,689.663483043955,689.663483043955,205.663483043955
25,8,472,838.806563019899,149.143079975944,366.806563019899
25,3,442,1029.51856998416,190.712006964264,587.518569984163
25,1,1035.51856998416,1221.31311118526,191.794541201095,185.794541201095
25,9,1071.51856998416,1298.27361414702,76.9605029617637,226.755044162859
25,19,1382.27361414702,1584.78657431991,286.512960172893,202.512960172893
25,20,2213.65562872153,2337.1942121158,752.407637795885,123.538583394271
25,15,2195.65562872153,2483.79729198298,146.603079867183,288.141663261454
25,12,2911.5254965731,3034.676901646,550.879609663017,123.151405072904
25,13,2917.5254965731,3167.70283612858,133.025934482579,250.177339555482
25,17,3642.3479568334,3783.41657014742,615.713734018842,141.068613314024
25,11,4229.65569658794,4420.699510828,637.282940680575,191.043814240052
26,11,490,753.076168412596,753.076168412596,263.076168412596
26,16,520,976.352609449993,223.276441037398,456.352609449993
26,1,1190.27461850957,1393.38474633627,417.032136886274,203.110127826696
26,8,472,1873.12298863889,479.738242302621,1401.12298863889
26,12,1927.12298863889,2022.30238707197,149.179398433085,95.1793984330855
26,18,1957.12298863889,2139.1150970259,116.812709953925,181.99210838701
26,5,2331.62229553602,2554.8420470392,415.726950013304,223.219751503178
26,14,2904.32270673049,3015.41528118285,460.573234143651,111.092574452365
26,9,2886.32270673049,3125.5211705179,110.105889335042,239.198463787407
26,19,2922.32270673049,3235.21057608068,109.689405562788,312.887869350196
26,10,3271.21057608068,3492.84024186815,257.629665787467,221.629665787467
26,17,3540.84024186815,3718.71210206101,225.871860192856,177.871860192856
26,2,3724.71210206101,4054.20116590301,335.489063842007,329.489063842007
26,15,3760.71210206101,4062.14599040893,7.94482450591113,301.433888347918
26,6,4316.72380947406,4501.56950623947,439.423515830544,184.845696765409
27,3,442,751.946078028655,751.946078028655,309.946078028655
27,13,502,947.740026458576,195.793948429922,445.740026458576
27,20,424,1085.70110572853,137.961079269958,661.701105728534
27,15,514,1381.167132823,295.466027094466,867.167132823
27,11,1441.167132823,1625.87625518812,244.709122365124,184.709122365124
27,17,1703.87625518812,1861.79732542041,235.921070232286,157.921070232286
27,19,1715.87625518812,1996.85924445621,135.061919035795,280.982989268081
27,9,2728.4391467338,2908.20262841076,911.343383954551,179.763481676958
27,5,2704.4391467338,3061.36222549323,153.159597082471,356.923078759429
27,7,2716.4391467338,3217.52049560205,156.158270108825,501.081348868254
27,10,3253.52049560205,3372.69953922928,155.179043627228,119.179043627228
27,6,3241.52049560205,3446.89046039924,74.1909211699553,205.369964797183
27,8,3616.26364029787,3815.84866846521,368.958208065972,199.585028167341
27,1,3598.26364029787,3996.71272562161,180.864057156406,398.449085323746
28,19,538,613.044281936029,613.044281936029,75.0442819360291
28,20,424,691.895786117842,78.8515041818126,267.895786117842
28,16,520,772.587232961742,80.6914468438999,252.587232961742
28,17,526,870.737579257854,98.1503462961127,344.737579257854
28,2,436,961.258129170012,90.5205499121581,525.258129170012
28,8,472,1101.05187104574,139.793741875732,629.051871045744
28,7,1137.05187104574,1300.56223658179,199.51036553605,163.51036553605
28,18,1185.05187104574,1420.41148674663,119.849250164837,235.359615700888
28,10,1149.05187104574,1575.59142579721,155.179939050578,426.539554751465
28,12,2158.81413782233,2268.25013260583,692.658706808624,109.435994783506
28,15,2707.99506119193,2809.04569658828,540.79556398245,101.050635396356
28,1,2815.04569658828,3048.89363640316,239.847939814875,233.847939814875
28,9,3078.89363640316,3230.57530758638,181.681671183216,151.681671183216
28,11,3084.89363640316,3370.641969299,140.066661712626,285.748332895842
28,6,3833.36919068293,3958.93048195699,588.288512657986,125.56129127406
29,12,496,652.563415533888,652.563415533888,156.563415533888
29,10,484,815.754253753762,163.190838219873,331.754253753762
29,13,502,1046.68760215925,230.933348405493,544.687602159255
29,1,1052.68760215925,1185.96187224276,139.274270083508,133.274270083508
29,11,1106.68760215925,1254.17290990269,68.2110376599308,147.485307743439
29,15,1908.70624881949,2019.06779068485,764.894880782161,110.361541865366
29,6,1878.70624881949,2146.3171769177,127.249386232843,267.610928098209
29,14,2596.13346175019,2763.09608613639,616.778909218695,166.962624386208
29,7,2578.13346175019,3017.42774190877,254.331655772376,439.294280158583
29,18,3387.97277434505,3480.65384796399,463.22610605522,92.6810736189341
29,19,3393.97277434505,3640.49013534922,159.836287385232,246.517361004166
29,9,3369.97277434505,3799.4077342395,158.917598890283,429.434959894448
29,5,3357.97277434505,3988.65696094691,189.249226707411,630.684186601859
29,2,3994.65696094691,4175.08487719091,186.427916243993,180.427916243993
30,15,514,701.207551493691,701.207551493691,187.207551493691
30,6,460,1015.70102921591,314.493477722218,555.701029215909
30,20,1123.70102921591,1193.49993064191,177.798901426,69.7989014260004
30,16,1545.47415809376,1727.3074235155,533.807492873588,181.833265421736
30,7,1763.3074235155,1896.21569852874,168.908275013245,132.908275013245
30,10,1781.3074235155,1967.40048178236,71.1847832536196,186.093058266864
30,14,1805.3074235155,2076.34028719508,108.939805412715,271.032863679579
30,12,2695.75729151236,2865.39790195874,789.057614763666,169.640610446378
30,17,3358.86633680955,3498.01067864797,632.612776689228,139.144341838417
30,3,3919.58800891095,4078.73406240623,580.723383758262,159.146053495281
30,13,3955.58800891095,4230.39637693591,151.662314529673,274.808368024955
