Trial,Channel,IsDirectional,Discovery_s,Clear_s,ClearInterval_s,DiscoveryToClear_s
1,11,1,65,376.900686934782,376.900686934782,311.900686934782
1,18,1,107,652.298466381402,275.397779446621,545.298466381402
1,13,1,478.961887610432,879.111746262326,226.813279880924,400.149858651894
1,12,1,731.315167489355,1264.35322234666,385.241476084336,533.038054857307
1,8,1,713.315167489355,1480.0195137722,215.666291425536,766.704346282844
1,6,1,1970.23847411278,2421.66490160731,941.645387835109,451.426427494526
1,7,1,2745.99762072532,3183.73812723494,762.073225627628,437.740506509615
1,1,1,412.961887610432,3273.43730225159,89.699175016658,2860.47541464116
1,19,1,514.961887610432,3585.52635868965,312.089056438055,3070.56447107922
1,16,1,3138.70009500324,3894.96857556319,309.442216873545,756.268480559957
1,10,1,2939.34885786428,4143.60064262036,248.632067057169,1204.25178475608
1,17,1,1824.88723697382,5927.05457809551,1783.45393547515,4102.16734112169
1,9,1,460.961887610432,6493.21792879736,566.163350701854,6032.25604118693
2,5,1,29,410.49204976691,410.49204976691,381.49204976691
2,12,1,71,732.566716341104,322.074666574194,661.566716341104
2,15,1,556.737399033089,858.159328446277,125.592612105173,301.421929413187
2,1,1,1579.61333394818,2105.41635615486,1247.25702770859,525.803022206688
2,18,1,1663.61333394818,2661.28899986261,555.87264370775,997.675665914438
2,14,1,1645.61333394818,2744.39877786447,83.1097780018522,1098.78544391629
2,17,1,1657.61333394818,3255.19832039833,510.79954253386,1597.58498645015
2,4,1,3410.48559906734,3585.91516415513,330.716843756805,175.429565087789
2,6,1,3765.97543972135,4052.89084136144,466.97567720631,286.915401640094
2,20,1,586.737399033089,4685.83314692855,632.942305567111,4099.09574789546
2,19,1,4782.15605267149,5085.62648423056,399.793337302008,303.470431559068
2,2,1,4788.15605267149,5292.63713625165,207.010652021091,504.481083580159
2,13,1,2038.31580822609,5649.25652165516,356.619385403514,3610.94071342907
2,3,1,4951.50728981045,7058.00904756727,1408.7525259121,2106.50175775682
3,6,1,1219.40494855583,1780.36251350344,1780.36251350344,560.957564947612
3,5,1,778.702474277916,3233.2820248776,1452.91951137415,2454.57955059968
3,16,1,410,4169.08955467333,935.807529795734,3759.08955467333
3,11,1,3749.10704845993,4279.56398269322,110.474428019888,530.45693423329
3,8,1,1666.10742283375,4746.79422586976,467.230243176544,3080.68680303602
3,17,1,1940.99729516175,5183.85763949718,437.063413627415,3242.86034433543
3,1,1,5462.83595971197,5982.86983421517,799.012194717995,520.033874503206
3,2,1,5468.83595971197,6911.7780318242,928.908197609032,1442.94207211224
3,3,1,1862.99729516175,7307.75038569861,395.972353874407,5444.75309053686
3,15,1,1708.10742283375,7508.55817682716,200.807791128545,5800.45075399341
4,20,1,119,333.054874581597,333.054874581597,214.054874581597
4,7,1,41,505.90402270354,172.849148121942,464.90402270354
4,19,1,474.834631739141,844.691125682665,338.787102979125,369.856493943524
4,18,1,1816.91531175823,2100.92124354642,1256.23011786375,284.005931788184
4,11,1,3072.07297273922,3345.86170071204,1244.94045716562,273.788727972821
4,14,1,444.834631739141,4487.72508775019,1141.86338703815,4042.89045601105
4,2,1,597.616949084624,4626.24925018735,138.524162437158,4028.63230110272
4,1,1,934.678288818793,6560.25714655979,1934.00789637244,5625.578857741
4,4,1,1840.91531175823,6906.14373136215,345.886584802363,5065.22841960392
4,9,1,2189.83594979978,7152.02761693965,245.883885577495,4962.19166713987
5,15,1,89,301.316934200177,301.316934200177,212.316934200177
5,20,1,655.757003689327,1096.19554083352,794.878606633343,440.438537144193
5,18,1,969.108240828284,1538.22164034341,442.026099509889,569.113399515124
5,7,1,909.108240828284,1743.66505596328,205.443415619867,834.556815134991
5,10,1,1216.83037907478,1860.90486872034,117.239812757063,644.074489645558
5,5,1,897.108240828284,2152.72697532393,291.822106603588,1255.61873449564
5,3,1,456.405766550369,2957.62879916863,804.901823844702,2501.22303261826
5,19,1,763.757003689327,3114.34577347839,156.716974309765,2350.58876978907
5,1,1,444.405766550369,3807.54360181594,693.197828337543,3363.13783526557
5,9,1,4191.37531261946,4469.12810470218,661.584502886242,277.752792082717
5,12,1,71,4842.60779678483,373.479692082648,4771.60779678483
5,16,1,95,5442.38693439204,599.779137607212,5347.38693439204
5,13,1,77,5524.10339955237,81.7164651603352,5447.10339955237
5,14,1,83,5815.78989304924,291.686493496863,5732.78989304924
5,11,1,5981.58167368923,6285.09375931788,469.303866268643,303.512085628653
6,3,1,17,390.804885098023,390.804885098023,373.804885098023
6,16,1,95,685.269324427465,294.464439329441,590.269324427465
6,17,1,545.301752966389,877.658711682008,192.389387254543,332.356958715619
6,18,1,1101.56147583889,1464.34703639109,586.68832470908,362.785560552201
6,2,1,1866.54708753849,2082.1465810983,617.799544707212,215.599493559815
6,5,1,29,2535.08232966857,452.935748570268,2506.08232966857
6,19,1,1306.91271297785,2733.80500190268,198.722672234114,1426.89228892484
6,10,1,59,3292.38151026376,558.576508361076,3233.38151026376
6,4,1,23,3651.23304780453,358.851537540771,3628.23304780453
6,8,1,3439.87088767861,3778.8172598369,127.584212032371,338.946372158292
6,14,1,1089.56147583889,4007.03456122296,228.21730138606,2917.47308538407
6,1,1,710.866934438279,4485.19538833889,478.160827115934,3774.32845390062
6,7,1,485.301752966389,5190.59362095116,705.398232612268,4705.29186798477
6,12,1,6474.7977983609,6841.41601964976,1650.8223986986,366.618221288853
6,9,1,4258.81741552006,7548.63912343804,707.223103788284,3289.82170791799
7,10,1,59,430.991845158034,430.991845158034,371.991845158034
7,18,1,107,1091.88932208965,660.897476931621,984.889322089654
7,5,1,534.54332942106,1258.67687104858,166.787548958929,724.133541627523
7,7,1,41,1357.63124624266,98.9543751940755,1316.63124624266
7,12,1,1458.22079021788,1716.25871503261,358.627468789951,258.03792481473
7,3,1,1422.22079021788,1933.37190709581,217.113192063203,511.151116877933
7,13,1,3984.08700791625,4140.96430072104,2207.59239362523,156.877292804791
7,1,1,3942.08700791625,4206.23154222792,65.2672415068791,264.14453431167
7,14,1,799.894566560018,4317.64821794076,111.41667571284,3517.75365138074
7,6,1,2222.42124657255,5373.87930415465,1056.23108621389,3151.4580575821
7,11,1,2421.77248371151,5565.4266932214,191.547389066749,3143.65420950989
7,15,1,5767.50571535572,6069.70219199463,504.275498773232,302.19647663891
8,18,1,107,427.640161195104,427.640161195104,320.640161195104
8,8,1,47,858.302956790791,430.662795595687,811.302956790791
8,15,1,1205.17590097293,1432.96164763646,574.658690845673,227.785746663539
8,6,1,1511.40825927181,1909.51332862263,476.551680986165,398.105069350823
8,14,1,1199.17590097293,2613.2297385779,703.716409955273,1414.05383760498
8,11,1,2059.64887168986,2980.7316674148,367.501928836899,921.082795724937
8,2,1,2744.09828586911,3080.04048190257,99.3088144877661,335.94219603346
8,12,1,1541.40825927181,3562.66782641281,482.627344510247,2021.25956714101
8,19,1,807.290699162393,3821.23165941659,258.563833003773,3013.94096025419
8,16,1,4959.2411547487,5212.99394683142,1391.76228741483,253.752792082717
8,13,1,5359.49221350932,5536.64607708884,323.65213025742,177.153863579523
8,1,1,4911.2411547487,5778.72355744362,242.077480354777,867.482402694914
8,20,1,6228.29636050664,7199.99669226767,1421.27313482405,971.70033176103
9,2,1,11,301.316934200177,301.316934200177,290.316934200177
9,12,1,1143.83652846336,1576.36174363906,1275.04480943888,432.525215175704
9,5,1,2096.42801493252,2437.05423671153,860.692493072468,340.626221779009
9,19,1,3481.45013236192,3809.38608326115,1372.33184654962,327.935950899233
9,13,1,509.782817046484,5501.04671006637,1691.66062680522,4991.26389301989
9,1,1,5,5603.96790785841,102.921197792038,5598.96790785841
9,10,1,2126.42801493252,5989.91845196837,385.950544109966,3863.49043703585
9,8,1,6081.1906659906,6431.36176606713,441.443314098752,350.171100076525
9,16,1,527.782817046484,6759.59376598094,328.23199991381,6231.81094893445
9,9,1,6087.1906659906,6987.70046251407,228.106696533136,900.509796523471
9,7,1,6075.1906659906,7323.21102422689,335.510561712813,1248.02035823628
9,3,1,17,7360.24676722574,37.0357429988571,7343.24676722574
9,15,1,7999.22180010359,8163.09504974758,802.848282521833,163.873249643982
10,14,1,83,270.873249643983,270.873249643983,187.873249643983
10,13,1,77,1182.24538838694,911.372138742955,1105.24538838694
10,20,1,502.19645144765,3406.49754257381,2224.25215418687,2904.30109112616
10,17,1,484.19645144765,4305.75471262689,899.257170053087,3821.55826117924
10,15,1,1309.73192605255,4877.68997968023,571.93526705334,3567.95805362769
10,5,1,1678.43440033046,5672.61598554543,794.926005865199,3994.18158521497
10,3,1,1461.0831631915,6072.75781218801,400.141826642578,4611.67464899651
10,19,1,6510.3270128582,6671.34815735424,598.590345166233,161.021144496047
10,2,1,2071.13687460838,7456.94662733509,785.598469980844,5385.80975272671
10,9,1,3630.75673895649,7837.15129496332,380.204667628233,4206.39455600683
10,18,1,2771.19058602525,7939.48994506129,102.338650097972,5168.29935903604
10,10,1,876.898925725566,8531.56004953935,592.070104478056,7654.66112381378
11,6,1,35,698.628871527723,698.628871527723,663.628871527723
11,12,1,71,777.269876525076,78.6410049973526,706.269876525076
11,18,1,107,2098.38907449288,1321.1191979678,1991.38907449288
11,14,1,398,2202.63657803702,104.247503544144,1804.63657803702
11,20,1,314,2395.97203532038,193.335457283354,2081.97203532038
11,17,1,2532.63263561335,2873.15225972672,477.180224406341,340.519624113366
11,10,1,1880.2438219306,3508.19018985206,635.037930125338,1627.94636792145
11,5,1,3913.25604058144,4237.10574647321,728.915556621152,323.849705891766
11,7,1,2484.63263561335,4666.25046558417,429.144719110959,2181.61782997082
11,4,1,4757.65073575843,5098.14300210147,431.892536517298,340.492266343039
11,11,1,6807.88299131215,6952.74389182652,1854.60088972505,144.860900514368
12,17,1,101,228.027437290799,228.027437290799,127.027437290799
12,11,1,65,402.121280765886,174.093843475088,337.121280765886
12,9,1,682.906675043351,1271.56488867949,869.443607913607,588.658213636142
12,7,1,876.257912182309,1334.38346042367,62.8185717441795,458.125548241364
12,10,1,1766.89220855446,2380.93161824342,1046.54815781975,614.039409688961
12,18,1,1508.81320090798,2886.31618146698,505.384563223555,1377.502980559
12,14,1,912.257912182309,2992.79989798025,106.483716513268,2080.54198579794
12,8,1,3162.04440369351,3455.94509062829,463.145192648047,293.900686934782
12,3,1,435.555437904393,4182.72868516511,726.783594536812,3747.17324726071
12,6,1,4296.87151721236,4545.63213596873,362.903450803625,248.760618756369
12,4,1,4284.87151721236,4760.0964104229,214.464274454173,475.224893210542
12,15,1,4983.1065521844,5468.75974190646,708.663331483551,485.653189722057
12,1,1,5104.45778932336,5652.06871294561,183.308971039156,547.610923622255
12,12,1,6169.20970491855,6318.7871648584,666.718451912792,149.577459939854
12,2,1,2018.97121620094,6948.81588458745,630.028719729044,4929.8446683865
12,19,1,6778.90487024432,7177.60415914422,228.788274556776,398.699288899904
13,20,1,119,355.604897230652,355.604897230652,236.604897230652
13,4,1,632.392077587126,1013.64247813289,658.037580902239,381.250400545765
13,7,1,650.392077587126,1278.27257734833,264.630099215444,627.880499761208
13,13,1,1372.782892747,1673.73708990404,395.464512555706,300.954197157041
13,8,1,867.743314726084,1873.98605433034,200.248964426301,1006.24273960426
13,1,1,825.743314726084,2150.63064342327,276.644589092924,1324.88732869718
13,16,1,2544.82531850266,2778.83430225079,628.20365882752,234.00898374813
13,11,1,65,2977.6058836578,198.771581407017,2912.6058836578
13,5,1,29,3647.50986028125,669.903976623445,3618.50986028125
13,3,1,409.040840448169,4543.66585593451,896.155995653261,4134.62501548634
13,19,1,113,4782.98554206216,239.319686127654,4669.98554206216
13,10,1,5450.91237130992,5601.71828357329,818.732741511132,150.805912263373
13,2,1,5432.91237130992,5855.40314974446,253.684866171165,422.490778434538
13,9,1,3778.49722086282,6002.1037553511,146.700605606641,2223.60653448828
14,15,1,89,360.668002518321,360.668002518321,271.668002518321
14,2,1,1040.83392618021,1392.38309055995,1031.71508804162,351.549164379736
14,12,1,1100.83392618021,1599.3179489976,206.93485843765,498.484022817385
14,9,1,2916.43530376504,3293.37125466427,1694.05330566668,376.935950899233
14,11,1,4596.26046079664,4852.58945622624,1559.21820156197,256.328995429597
14,10,1,4923.07448114796,5123.73878339227,271.149327166036,200.66430224432
14,5,1,1710.11927317912,5569.90540876138,446.166625369104,3859.78613558226
14,13,1,2052.1982808256,5962.47964521372,392.574236452338,3910.28136438812
14,8,1,1076.83392618021,6256.37176210245,293.892116888731,5179.53783592224
14,6,1,35,6858.77409309036,602.40233098791,6823.77409309036
14,4,1,23,7083.17535971216,224.401266621805,7060.17535971216
14,16,1,95,7378.24511932604,295.069759613874,7283.24511932604
14,14,1,472.780214763337,7432.74280281939,54.4976834933505,6959.96258805605
14,19,1,113,7529.15181556999,96.409012750597,7416.15181556999
14,17,1,702.131451902295,7660.8120248104,131.660209240415,6958.68057290811
15,8,1,47,281.021144496047,281.021144496047,234.021144496047
15,5,1,29,422.241362776069,141.220218280021,393.241362776069
15,18,1,107,693.236294088242,270.994931312173,586.236294088242
15,6,1,803.153716470103,1085.53605820165,392.29976411341,282.382341731548
15,11,1,827.153716470103,1597.91918400652,512.383125804864,770.765467536413
15,14,1,1238.61742377847,1827.97822210228,230.059038095762,589.360798323805
15,3,1,2742.25816337157,3090.60253486255,1262.62431276027,348.344371490974
15,17,1,4055.57934540781,4193.15680534766,1102.55427048512,137.577459939853
15,4,1,23,4437.66769464265,244.510889294988,4414.66769464265
15,1,1,1896.02114043213,5412.35630080579,974.688606163138,3516.33516037366
15,16,1,5533.03836130451,5920.46603887817,508.109738072377,387.427677573662
15,12,1,1226.61742377847,6287.38057562289,366.914536744725,5060.76315184442
15,9,1,815.153716470103,6547.47388004068,260.093304417789,5732.32016357058
15,20,1,875.153716470103,6686.3692023039,138.895322263217,5811.2154858338
16,6,1,35,471.169949241754,471.169949241754,436.169949241754
16,1,1,873.580806685114,1160.05644274537,688.886493503613,286.475636060253
16,3,1,1260.71204253067,1624.19448559685,464.138042851488,363.482443066184
16,9,1,1502.06327966963,1989.16645565505,364.971970058193,487.10317598542
16,14,1,1532.06327966963,2117.01501304275,127.848557387703,584.951733373123
16,16,1,1544.06327966963,2215.58262264862,98.5676096058696,671.519342978992
16,11,1,1785.58358545967,2948.69522980302,733.112607154398,1163.11164434335
16,15,1,3897.54211133456,4203.88648282554,1255.19125302252,306.344371490974
16,20,1,119,5614.87487379201,1410.98839096647,5495.87487379201
16,17,1,101,6748.37148799632,1133.49661420431,6647.37148799632
16,12,1,3615.46310368808,6817.04156224132,68.670074245003,3201.57845855324
17,13,1,77,420.954984084424,420.954984084424,343.954984084424
17,6,1,528.568392398157,839.793252884265,418.838268799841,311.224860486108
17,4,1,964.240219422009,1261.00083817838,421.207585294114,296.760618756371
17,9,1,546.568392398157,3118.82620114593,1857.82536296756,2572.25780874778
17,7,1,2983.8775791459,3327.27270118917,208.446500043236,343.39512204327
17,5,1,3427.4121799441,3620.21678040776,292.94407921859,192.804600463663
17,10,1,2403.82386772903,3756.86640113476,136.649620726998,1353.04253340573
17,8,1,3854.40463991802,4060.277889562,303.411488427242,205.873249643983
17,1,1,2361.82386772903,4651.36119702488,591.083307462879,2289.53732929585
17,14,1,2023.12139345111,5288.24890672811,636.887709703228,3265.127513277
17,16,1,5719.04359815462,5984.79639023734,696.547483509234,265.752792082717
17,11,1,558.568392398157,6681.69883501707,696.902444779729,6123.13044261891
18,16,1,95,376.900686934782,376.900686934782,281.900686934782
18,19,1,113,767.466856404368,390.566169469587,654.466856404368
18,2,1,407.137390946181,808.273305841048,40.8064494366796,401.135914894867
18,13,1,1299.70004243406,1807.09396268445,998.820656843404,507.393920250389
18,7,1,41,2034.62718864797,227.533225963514,1993.62718864797
18,3,1,17,2556.35633029339,521.729141645424,2539.35633029339
18,11,1,65,2652.47002489913,96.1136946057377,2587.47002489913
18,15,1,2770.34124260568,3160.43136395414,507.961339055015,390.090121348463
18,5,1,3229.58921753321,3410.47507506687,250.043711112726,180.88585753366
18,8,1,47,4873.348422796,1462.87334772913,4826.348422796
18,6,1,431.137390946181,5421.63666647607,548.288243680074,4990.49927552989
18,18,1,5152.39350043277,6327.33964296964,905.702976493569,1174.94614253687
18,9,1,6419.13143599916,6641.5962650514,314.25662208176,222.46482905224
19,2,1,11,256.608071799368,256.608071799368,245.608071799368
19,4,1,23,896.568013742946,639.959941943578,873.568013742946
19,15,1,635.290700488204,1178.05910574501,281.491092002065,542.768405256807
19,9,1,53,1257.72606869359,79.6669629485832,1204.72606869359
19,8,1,593.290700488204,1494.26596884561,236.539900152013,900.975268357403
19,13,1,1375.02107529645,2002.81640936577,508.550440520158,627.795334069318
19,1,1,2091.31749773893,2351.63443193911,348.818022573344,260.316934200177
19,16,1,95,2780.83988249434,429.205450555232,2685.83988249434
19,5,1,29,2987.40513513334,206.565252639,2958.40513513334
19,11,1,3592.14608707142,4022.53473512977,1035.12959999643,430.388648058357
19,6,1,4457.37810882638,4757.27879576117,734.744060631392,299.900686934781
19,20,1,4923.72200763873,5049.43156353988,292.152767778717,125.709555901152
19,18,1,2934.88300118646,5435.78804015179,386.356476611908,2500.90503896533
19,17,1,429.939463349246,6608.91620174647,1173.12816159467,6178.97673839722
19,19,1,441.939463349246,6902.33339324137,293.417191494907,6460.39392989213
20,5,1,29,307.20326658146,307.20326658146,278.20326658146
20,8,1,404.47495279889,810.196328660889,502.993062079429,405.721375861999
20,19,1,1932.73438170125,2169.3392789319,1359.14295027101,236.604897230652
20,10,1,416.47495279889,2441.09543710785,271.756158175953,2024.62048430896
20,14,1,1602.65537405477,2769.80799574315,328.712558635295,1167.15262168838
20,18,1,107,3758.06420892856,988.256213185413,3651.06420892856
20,11,1,4199.22484969092,4585.96623432057,827.902025392009,386.741384629649
20,7,1,4988.89888762864,5343.68694367581,757.720709355243,354.788056047168
20,6,1,3387.43350820293,6343.19987332204,999.512929646228,2955.76636511911
20,3,1,6413.10735867297,6675.83752511972,332.637651797675,262.73016644675
